time_sec,h1_true,h2_true,h3_true,h4_true,h1_est,h2_est,h3_est,h4_est,u1_volts,u2_volts
0.000000,12.584679,12.989089,4.775436,4.882559,11.984001,11.990195,1.022626,1.023146,-0.000000,-0.000000
0.100000,12.569486,12.978099,4.750761,4.865115,11.952888,11.972834,1.062612,1.066026,-0.000000,-0.000000
0.200000,12.554258,12.966885,4.726242,4.847620,11.930764,11.982291,1.068747,1.090411,-0.000000,-0.000000
0.300000,12.538663,12.955876,4.701711,4.830267,11.906204,11.968515,1.069371,1.123370,-0.000000,-0.000000
0.400000,12.523191,12.944948,4.677198,4.812785,11.889547,11.965209,1.091245,1.171723,-0.000000,-0.000000
0.500000,12.507792,12.933919,4.653089,4.795526,11.850967,11.959931,1.131243,1.172779,-0.000000,-0.000000
0.600000,12.492224,12.922895,4.628961,4.778204,11.839079,11.964233,1.163959,1.189903,-0.000000,-0.000000
0.700000,12.476586,12.911682,4.604772,4.760824,11.792534,11.961689,1.178037,1.220285,-0.000000,-0.000000
0.800000,12.460956,12.900609,4.580627,4.743419,11.763559,11.937634,1.202549,1.215276,-0.000000,-0.000000
0.900000,12.445337,12.889519,4.556672,4.726254,11.774665,11.924818,1.201375,1.229962,-0.000000,-0.000000
1.000000,12.429697,12.878255,4.532843,4.709139,11.763198,11.893280,1.220747,1.256059,-0.000000,-0.000000
1.100000,12.413906,12.866955,4.508976,4.691930,11.726159,11.896677,1.229375,1.265292,-0.000000,-0.000000
1.200000,12.398179,12.855770,4.485277,4.675048,11.693813,11.895849,1.241472,1.275475,-0.000000,-0.000000
1.300000,12.382258,12.844512,4.461439,4.657803,11.686843,11.909856,1.227355,1.298981,-0.000000,-0.000000
1.400000,12.366450,12.833096,4.437723,4.640622,11.650741,11.917972,1.240487,1.335829,-0.000000,-0.000000
1.500000,12.350583,12.821783,4.413843,4.623579,11.623013,11.920543,1.250360,1.350826,-0.000000,-0.000000
1.600000,12.334725,12.810515,4.390218,4.606539,11.614018,11.915163,1.263982,1.385893,-0.000000,-0.000000
1.700000,12.318722,12.799237,4.366579,4.589629,11.590705,11.899638,1.249645,1.408330,-0.000000,-0.000000
1.800000,12.302878,12.787916,4.343123,4.572731,11.596999,11.900133,1.267176,1.402485,-0.000000,-0.000000
1.900000,12.286814,12.776404,4.319716,4.555797,11.568697,11.864468,1.297255,1.417841,-0.000000,-0.000000
2.000000,12.270623,12.765301,4.296514,4.539092,11.550211,11.845844,1.316573,1.434992,-0.000000,-0.000000
2.100000,12.254421,12.753882,4.273245,4.522301,11.520662,11.858814,1.319203,1.453769,-0.000000,-0.000000
2.200000,12.238495,12.742465,4.249984,4.505458,11.491345,11.838364,1.325436,1.485658,-0.000000,-0.000000
2.300000,12.222496,12.731017,4.226581,4.488747,11.464301,11.839190,1.332136,1.498097,-0.000000,-0.000000
2.400000,12.206378,12.719638,4.203335,4.471959,11.449790,11.828077,1.367923,1.510866,-0.000000,-0.000000
2.500000,12.190236,12.708102,4.180467,4.455425,11.417905,11.823931,1.354757,1.533435,-0.000000,-0.000000
2.600000,12.174047,12.696445,4.157700,4.438799,11.401687,11.829110,1.355444,1.546306,-0.000000,-0.000000
2.700000,12.157728,12.684937,4.134876,4.422307,11.376155,11.805330,1.363141,1.554723,-0.000000,-0.000000
2.800000,12.141402,12.673340,4.111853,4.405698,11.367382,11.791302,1.375934,1.550892,-0.000000,-0.000000
2.900000,12.124977,12.661824,4.089134,4.389207,11.326584,11.777774,1.369347,1.560465,-0.000000,-0.000000
3.000000,12.108559,12.650236,4.066527,4.372704,11.331129,11.773057,1.353593,1.575453,-0.000000,-0.000000
3.100000,12.092206,12.638565,4.043944,4.356203,11.304941,11.764207,1.333408,1.578088,-0.000000,-0.000000
3.200000,12.075844,12.627123,4.021391,4.339747,11.276247,11.762425,1.328312,1.590540,-0.000000,-0.000000
3.300000,12.059378,12.615312,3.998980,4.323241,11.257139,11.739562,1.330343,1.575924,-0.000000,-0.000000
3.400000,12.042803,12.603624,3.976551,4.306811,11.255095,11.749570,1.327530,1.579424,-0.000000,-0.000000
3.500000,12.026060,12.592141,3.954273,4.290493,11.232591,11.749841,1.326893,1.586150,-0.000000,-0.000000
3.600000,12.009384,12.580582,3.931991,4.274184,11.208016,11.745279,1.336325,1.603119,-0.000000,-0.000000
3.700000,11.992527,12.568803,3.909726,4.257757,11.189495,11.742634,1.337003,1.607105,-0.000000,-0.000000
3.800000,11.975896,12.557037,3.887424,4.241334,11.166183,11.730055,1.328348,1.623867,-0.000000,-0.000000
3.900000,11.959011,12.545289,3.865170,4.224983,11.149434,11.721646,1.317713,1.638517,-0.000000,-0.000000
4.000000,11.942413,12.533603,3.843032,4.208808,11.122580,11.713155,1.307126,1.656745,-0.000000,-0.000000
4.100000,11.925649,12.521887,3.820929,4.192629,11.121054,11.718474,1.306650,1.671597,-0.000000,-0.000000
4.200000,11.908774,12.510336,3.798985,4.176638,11.101136,11.719303,1.310235,1.675156,-0.000000,-0.000000
4.300000,11.891795,12.498573,3.777218,4.160529,11.086713,11.710842,1.304249,1.684431,-0.000000,-0.000000
4.400000,11.874966,12.486922,3.755349,4.144392,11.076325,11.693013,1.302912,1.693556,-0.000000,-0.000000
4.500000,11.857985,12.474962,3.733708,4.128182,11.062611,11.663268,1.289005,1.694430,-0.000000,-0.000000
4.600000,11.840911,12.463117,3.711968,4.112188,11.053828,11.652736,1.288940,1.704218,-0.000000,-0.000000
4.700000,11.824046,12.451218,3.690367,4.096118,11.032250,11.629220,1.280027,1.703520,-0.000000,-0.000000
4.800000,11.807061,12.439347,3.668723,4.080149,11.010366,11.636904,1.280287,1.702416,-0.000000,-0.000000
4.900000,11.789933,12.427359,3.647113,4.064094,11.015624,11.633434,1.277651,1.703622,-0.000000,-0.000000
5.000000,11.772811,12.415252,3.625635,4.048100,10.994194,11.636565,1.275682,1.715531,-0.000000,-0.000000
5.100000,11.755745,12.403262,3.604229,4.032288,10.971726,11.639672,1.265618,1.721164,-0.000000,-0.000000
5.200000,11.738585,12.391419,3.583089,4.016333,10.957471,11.630556,1.251882,1.733392,-0.000000,-0.000000
5.300000,11.721458,12.379314,3.561940,4.000398,10.942182,11.621808,1.246484,1.729820,-0.000000,-0.000000
5.400000,11.704152,12.367259,3.540584,3.984509,10.926503,11.605787,1.250486,1.729736,-0.000000,-0.000000
5.500000,11.686838,12.355382,3.519581,3.968604,10.919480,11.589696,1.249416,1.724620,-0.000000,-0.000000
5.600000,11.669433,12.343502,3.498539,3.952994,10.892914,11.588458,1.237100,1.724139,-0.000000,-0.000000
5.700000,11.652178,12.331584,3.477404,3.937397,10.878929,11.576700,1.234269,1.727633,-0.000000,-0.000000
5.800000,11.634807,12.319425,3.456428,3.921704,10.870979,11.562393,1.234345,1.720553,-0.000000,-0.000000
5.900000,11.617195,12.307301,3.435368,3.906072,10.856555,11.564198,1.241352,1.723993,-0.000000,-0.000000
6.000000,11.599686,12.295127,3.414595,3.890366,10.834036,11.547342,1.236978,1.722486,-0.000000,-0.000000
6.100000,11.582258,12.283150,3.393649,3.874636,10.831818,11.522551,1.239342,1.723498,-0.000000,-0.000000
6.200000,11.564700,12.270818,3.372976,3.858935,10.823205,11.511497,1.239102,1.730713,-0.000000,-0.000000
6.300000,11.546994,12.258560,3.352171,3.843462,10.805394,11.528804,1.233946,1.742199,-0.000000,-0.000000
6.400000,11.529303,12.246420,3.331585,3.828080,10.789953,11.524106,1.235935,1.744716,-0.000000,-0.000000
6.500000,11.511671,12.234181,3.311022,3.812561,10.754683,11.500784,1.222134,1.745777,-0.000000,-0.000000
6.600000,11.494020,12.222024,3.290589,3.797059,10.743132,11.489854,1.215670,1.745185,-0.000000,-0.000000
6.700000,11.476331,12.209865,3.270162,3.781613,10.737223,11.478119,1.211140,1.747619,-0.000000,-0.000000
6.800000,11.458559,12.197483,3.249790,3.766410,10.713768,11.474629,1.209257,1.758055,-0.000000,-0.000000
6.900000,11.440757,12.185139,3.229579,3.751180,10.710214,11.464499,1.209603,1.751537,-0.000000,-0.000000
7.000000,11.423080,12.172903,3.209329,3.735935,10.690619,11.457826,1.201559,1.760372,-0.000000,-0.000000
7.100000,11.405280,12.160685,3.189365,3.720556,10.679286,11.448987,1.191759,1.765196,-0.000000,-0.000000
7.200000,11.387398,12.148428,3.169294,3.705247,10.666975,11.442854,1.186766,1.756826,-0.000000,-0.000000
7.300000,11.369370,12.136018,3.149195,3.690130,10.643670,11.428172,1.180491,1.754557,-0.000000,-0.000000
7.400000,11.351397,12.123768,3.129479,3.674990,10.619047,11.411030,1.175419,1.743697,-0.000000,-0.000000
7.500000,11.333583,12.111530,3.109761,3.659844,10.613982,11.396519,1.173536,1.734575,-0.000000,-0.000000
7.600000,11.315553,12.099046,3.089972,3.644691,10.596510,11.380493,1.168320,1.731005,-0.000000,-0.000000
7.700000,11.297489,12.086775,3.070236,3.629635,10.571247,11.375803,1.165591,1.728679,-0.000000,-0.000000
7.800000,11.279303,12.074166,3.050611,3.614431,10.543188,11.361266,1.148951,1.733000,-0.000000,-0.000000
7.900000,11.261118,12.061517,3.031048,3.599423,10.505608,11.371318,1.137356,1.732563,-0.000000,-0.000000
8.000000,11.242981,12.049003,3.011391,3.584395,10.491022,11.368103,1.127775,1.733285,-0.000000,-0.000000
8.100000,11.224732,12.036459,2.991766,3.569614,10.464035,11.355377,1.113835,1.728921,-0.000000,-0.000000
8.200000,11.206521,12.024040,2.972388,3.554714,10.432570,11.349060,1.109505,1.723084,-0.000000,-0.000000
8.300000,11.188431,12.011379,2.952977,3.539743,10.411356,11.343268,1.113850,1.722088,-0.000000,-0.000000
8.400000,11.170134,11.998898,2.933694,3.524756,10.381939,11.327168,1.102093,1.716492,-0.000000,-0.000000
8.500000,11.151743,11.986344,2.914525,3.509928,10.350563,11.314188,1.085309,1.713305,-0.000000,-0.000000
8.600000,11.133609,11.973891,2.895292,3.495029,10.322410,11.289091,1.075874,1.702158,-0.000000,-0.000000
8.700000,11.115225,11.961451,2.876273,3.480124,10.312154,11.265906,1.074090,1.697736,-0.000000,-0.000000
8.800000,11.096844,11.948962,2.857111,3.465490,10.311452,11.242525,1.071797,1.681846,-0.000000,-0.000000
8.900000,11.078362,11.936305,2.838067,3.450735,10.297207,11.230749,1.067397,1.676857,-0.000000,-0.000000
9.000000,11.059842,11.923838,2.819312,3.436049,10.277906,11.227024,1.060470,1.673533,-0.000000,-0.000000
9.100000,11.041314,11.911235,2.800573,3.421608,10.269270,11.200721,1.059725,1.661554,-0.000000,-0.000000
9.200000,11.022679,11.898670,2.781705,3.406989,10.243486,11.185740,1.051267,1.659155,-0.000000,-0.000000
9.300000,11.004054,11.886030,2.763043,3.392474,10.226224,11.157307,1.044525,1.641049,-0.000000,-0.000000
9.400000,10.985509,11.873501,2.744256,3.378011,10.205129,11.149546,1.037314,1.634315,-0.000000,-0.000000
9.500000,10.966865,11.860726,2.725729,3.363528,10.184993,11.147777,1.033598,1.638090,-0.000000,-0.000000
9.600000,10.948114,11.848017,2.707311,3.348977,10.162408,11.126868,1.031844,1.631390,-0.000000,-0.000000
9.700000,10.929355,11.835297,2.688737,3.334557,10.139393,11.124465,1.024795,1.635150,-0.000000,-0.000000
9.800000,10.910709,11.822578,2.670442,3.320195,10.117698,11.111894,1.021604,1.634596,-0.000000,-0.000000
9.900000,10.891819,11.809747,2.652248,3.305887,10.100772,11.099782,1.018956,1.625579,-0.000000,-0.000000
10.000000,10.872953,11.796987,2.633964,3.291759,10.076291,11.075985,1.012590,1.613909,-0.000000,-0.000000
10.100000,10.854023,11.784288,2.615955,3.277483,10.051750,11.073561,1.004345,1.611641,-0.000000,-0.000000
10.200000,10.835170,11.771643,2.597889,3.263257,10.028927,11.062735,0.997740,1.604711,-0.000000,-0.000000
10.300000,10.816271,11.758759,2.579631,3.248982,10.015399,11.045614,0.995923,1.597864,-0.000000,-0.000000
10.400000,10.800791,11.745894,2.561537,3.238548,10.002057,11.039730,0.986312,1.597770,0.670655,-0.000000
10.500000,10.792745,11.732990,2.543393,3.236973,10.009500,11.029112,0.982218,1.604936,2.239127,-0.000000
10.600000,10.780429,11.720233,2.525418,3.230617,9.996026,11.016902,0.971876,1.606554,1.424495,-0.000000
10.700000,10.776181,11.707584,2.507559,3.233572,9.999430,11.007655,0.968843,1.622117,3.051951,-0.000000
10.800000,10.769493,11.694810,2.489680,3.233660,10.000467,10.994450,0.957613,1.632853,2.558807,-0.000000
10.900000,10.762265,11.681995,2.471960,3.233024,9.992737,10.985931,0.950235,1.645155,2.445600,-0.000000
11.000000,10.758635,11.669131,2.454347,3.237088,9.985158,10.972920,0.948436,1.664986,3.239237,-0.000000
11.100000,10.758416,11.656441,2.436974,3.244955,9.985019,10.966268,0.941409,1.687359,3.951319,-0.000000
11.200000,10.757316,11.643681,2.419344,3.251603,9.984266,10.956804,0.936868,1.699790,3.731617,-0.000000
11.300000,10.756151,11.631070,2.401880,3.258406,9.988282,10.943297,0.934144,1.719716,3.744338,-0.000000
11.400000,10.751898,11.618511,2.384468,3.261796,9.971522,10.929038,0.925912,1.729995,3.155592,-0.000000
11.500000,10.756704,11.605841,2.366984,3.275588,9.975494,10.923918,0.919575,1.750163,5.042356,-0.000000
11.600000,10.758237,11.593319,2.349911,3.285552,9.979414,10.907039,0.911905,1.771772,4.370078,-0.000000
11.700000,10.756902,11.580731,2.332713,3.292472,9.978867,10.892728,0.907919,1.778777,3.801417,-0.000000
11.800000,10.756001,11.568123,2.315475,3.300025,9.985476,10.884333,0.904005,1.801509,3.910504,-0.000000
11.900000,10.750316,11.555602,2.298354,3.302105,9.982901,10.873542,0.898822,1.806958,2.931471,-0.000000
12.000000,10.746330,11.543069,2.281389,3.305967,9.986256,10.860608,0.892707,1.817932,3.254550,-0.000000
12.100000,10.740259,11.530646,2.264519,3.307685,9.972530,10.846091,0.882090,1.823463,2.855239,-0.000000
12.200000,10.741917,11.518158,2.247514,3.318310,9.977933,10.837850,0.877045,1.847904,4.468263,-0.000000
12.300000,10.739101,11.505932,2.230629,3.324050,9.972453,10.826213,0.867679,1.862502,3.593559,-0.000000
12.400000,10.739001,11.493529,2.213874,3.332958,9.966870,10.805601,0.855989,1.870749,4.118500,-0.000000
12.500000,10.742316,11.481231,2.197208,3.345684,9.969207,10.790701,0.848564,1.889998,4.837732,-0.000000
12.600000,10.743718,11.469100,2.180582,3.356190,9.967620,10.771750,0.844413,1.906498,4.443395,-0.000000
12.700000,10.745551,11.456781,2.163977,3.367312,9.948508,10.759592,0.829692,1.921154,4.558510,-0.000000
12.800000,10.757167,11.444462,2.147632,3.389852,9.957201,10.756569,0.827016,1.952571,6.607320,-0.000000
12.900000,10.761937,11.432283,2.131193,3.404403,9.957086,10.740842,0.816313,1.975537,5.194959,-0.000000
13.000000,10.765745,11.420371,2.114794,3.417803,9.965715,10.728172,0.810006,1.996594,5.012515,-0.000000
13.100000,10.763836,11.408386,2.098421,3.424704,9.964184,10.726505,0.798784,2.015643,3.843354,-0.000000
13.200000,10.761226,11.396253,2.082187,3.431324,9.958228,10.720317,0.791489,2.029530,3.752762,-0.000000
13.300000,10.761191,11.384178,2.066137,3.440486,9.957301,10.715821,0.785924,2.047105,4.269060,-0.000000
13.400000,10.760422,11.372110,2.050199,3.449276,9.951439,10.690820,0.778186,2.060607,4.149454,-0.000000
13.500000,10.762906,11.359937,2.034005,3.461256,9.952856,10.683929,0.768871,2.081524,4.807662,-0.000000
13.600000,10.763326,11.347804,2.017908,3.470969,9.955230,10.671120,0.760831,2.097339,4.391889,-0.000000
13.700000,10.761601,11.335945,2.001833,3.478663,9.943731,10.641385,0.751405,2.109936,3.988108,-0.000000
13.800000,10.766283,11.324051,1.985889,3.493882,9.945229,10.632845,0.744380,2.135101,5.305905,-0.000000
13.900000,10.768341,11.312138,1.970263,3.506159,9.946420,10.617379,0.735456,2.149589,4.817464,-0.000000
14.000000,10.769340,11.300472,1.954433,3.516853,9.935888,10.620542,0.724988,2.169016,4.571347,-0.000000
14.100000,10.774336,11.288700,1.938744,3.532237,9.946575,10.614185,0.722019,2.190648,5.439920,-0.000000
14.200000,10.772182,11.277023,1.923205,3.539454,9.955903,10.597961,0.717438,2.198353,3.953502,-0.000000
14.300000,10.764970,11.265520,1.907558,3.540822,9.947525,10.584321,0.710230,2.202088,2.894389,-0.000000
14.400000,10.762332,11.253930,1.892054,3.547448,9.940403,10.567041,0.701776,2.210377,3.862838,-0.000000
14.500000,10.763365,11.242377,1.876560,3.558460,9.946681,10.552731,0.693331,2.227967,4.638462,-0.000000
14.600000,10.759872,11.230721,1.861166,3.564509,9.945963,10.543856,0.685803,2.238602,3.747115,-0.000000
14.700000,10.756201,11.218990,1.845833,3.570304,9.942499,10.537191,0.680878,2.251273,3.714393,-0.000000
14.800000,10.753762,11.207583,1.830424,3.577517,9.942171,10.525743,0.673316,2.261509,3.943391,-0.000000
14.900000,10.750895,11.195982,1.815145,3.584288,9.941515,10.523791,0.668414,2.277481,3.882590,-0.000000
15.000000,10.747048,11.184357,1.800016,3.590162,9.938713,10.503629,0.663110,2.287077,3.719991,-0.000000
15.100000,10.744476,11.172802,1.784933,3.597521,9.924794,10.491125,0.652191,2.303783,3.983719,-0.000000
15.200000,10.748446,11.161584,1.769861,3.612342,9.924020,10.470589,0.643862,2.319075,5.343207,-0.000000
15.300000,10.752046,11.150267,1.754963,3.626931,9.928300,10.452594,0.636554,2.337453,5.280416,-0.000000
15.400000,10.752142,11.139040,1.740050,3.637573,9.917090,10.441108,0.626077,2.355787,4.585883,-0.000000
15.500000,10.757091,11.127723,1.725204,3.653923,9.930524,10.427010,0.621698,2.376019,5.598456,-0.000000
15.600000,10.753405,11.116442,1.710460,3.660239,9.919435,10.417663,0.610460,2.389677,3.825564,-0.000000
15.700000,10.754753,11.105271,1.695756,3.672353,9.922301,10.409788,0.603497,2.404818,4.883698,-0.000000
15.800000,10.753690,11.094077,1.681077,3.681580,9.913994,10.397506,0.596581,2.418041,4.349001,-0.000000
15.900000,10.755866,11.088248,1.677909,3.695252,9.910808,10.391920,0.598078,2.441207,5.105052,1.498961
16.000000,10.758377,11.084584,1.680066,3.708701,9.901045,10.398321,0.603231,2.462564,5.113372,2.138365
16.100000,10.764332,11.078674,1.676588,3.726191,9.913695,10.395001,0.609294,2.484669,5.853899,1.437992
16.200000,10.761952,11.073335,1.675080,3.733771,9.907059,10.389934,0.611909,2.497873,4.099057,1.643050
16.300000,10.762085,11.069874,1.677345,3.744606,9.911811,10.384938,0.625339,2.510674,4.648273,2.180599
16.400000,10.758643,11.067105,1.681235,3.751223,9.901622,10.383602,0.633072,2.526523,3.929472,2.369896
16.500000,10.759722,11.064629,1.685340,3.762798,9.898234,10.373714,0.643711,2.539869,4.825168,2.401303
16.600000,10.761792,11.064834,1.695793,3.775639,9.890907,10.368347,0.658037,2.558756,5.021982,3.219593
16.700000,10.766274,11.066162,1.708311,3.791557,9.900601,10.368085,0.677510,2.574271,5.560458,3.497817
16.800000,10.764558,11.065775,1.716887,3.799819,9.897078,10.370985,0.692525,2.589117,4.233359,3.013524
16.900000,10.763530,11.063115,1.720506,3.809067,9.895921,10.373480,0.702092,2.601347,4.387835,2.370931
17.000000,10.762166,11.058884,1.720466,3.817784,9.899308,10.376551,0.710443,2.615417,4.318915,1.897598
17.100000,10.758140,11.052697,1.716431,3.823231,9.888465,10.363705,0.712300,2.624426,3.710179,1.381968
17.200000,10.759273,11.051502,1.723243,3.834884,9.891566,10.371044,0.726042,2.646309,4.815759,2.766102
17.300000,10.756798,11.046667,1.721563,3.842327,9.888255,10.361393,0.732734,2.657521,4.104764,1.683270
17.400000,10.755619,11.044928,1.726924,3.851036,9.881206,10.354124,0.742589,2.667248,4.324190,2.575120
17.500000,10.757526,11.045172,1.736496,3.863541,9.876161,10.362832,0.756520,2.686133,4.979934,3.142688
17.600000,10.760521,11.041195,1.736842,3.877359,9.877785,10.359519,0.762828,2.706395,5.224894,1.936644
17.700000,10.761320,11.038042,1.738758,3.888320,9.886875,10.358842,0.773079,2.724309,4.730792,2.178191
17.800000,10.755771,11.034367,1.739300,3.891963,9.876896,10.352876,0.779769,2.735375,3.432076,1.995309
17.900000,10.755066,11.032490,1.744199,3.900839,9.869120,10.353438,0.790217,2.747405,4.389951,2.527623
18.000000,10.757524,11.029673,1.747075,3.913776,9.866718,10.350149,0.798966,2.763766,5.069781,2.264040
18.100000,10.760101,11.027534,1.751064,3.926503,9.863360,10.350483,0.806564,2.781342,5.088350,2.442915
18.200000,10.762924,11.024824,1.753987,3.939951,9.861489,10.338485,0.814037,2.796472,5.184732,2.278527
18.300000,10.765893,11.026040,1.765610,3.953091,9.855690,10.334716,0.829354,2.811256,5.185231,3.404443
18.400000,10.771052,11.027711,1.777578,3.968740,9.862831,10.335918,0.846931,2.835256,5.611472,3.468796
18.500000,10.770396,11.027438,1.785344,3.977947,9.866610,10.332753,0.860627,2.844736,4.429963,2.921638
18.600000,10.767156,11.027134,1.792884,3.983766,9.861647,10.332994,0.873561,2.856060,3.866977,2.905345
18.700000,10.765742,11.025560,1.798111,3.991804,9.864185,10.335058,0.885316,2.869266,4.244182,2.594946
18.800000,10.761933,11.022592,1.799438,3.996805,9.865986,10.336400,0.895614,2.878622,3.746668,2.096574
18.900000,10.756540,11.018104,1.797539,4.000188,9.862193,10.330651,0.899833,2.885676,3.394877,1.703567
19.000000,10.752763,11.015312,1.799680,4.005314,9.858631,10.328353,0.908822,2.893722,3.722056,2.238477
19.100000,10.750159,11.012883,1.802319,4.011963,9.853192,10.325745,0.915597,2.904482,4.000113,2.284238
19.200000,10.749964,11.011251,1.806188,4.021148,9.844373,10.320708,0.921252,2.919952,4.444793,2.439212
19.300000,10.753309,11.011030,1.813687,4.034560,9.846003,10.327528,0.935068,2.942588,5.197950,2.911361
19.400000,10.753969,11.007478,1.813158,4.044781,9.843625,10.322317,0.939681,2.954086,4.639389,1.892110
19.500000,10.754961,11.005382,1.816327,4.055406,9.845154,10.325300,0.949144,2.969446,4.735145,2.368495
19.600000,10.754090,11.001497,1.815344,4.063658,9.853491,10.324263,0.955540,2.978730,4.312792,1.846280
19.700000,10.747934,10.997436,1.814243,4.065741,9.844688,10.325314,0.960302,2.984983,3.235095,1.779504
19.800000,10.746104,10.992694,1.811517,4.072614,9.844902,10.324343,0.963477,3.000588,4.118674,1.601888
19.900000,10.742978,10.988586,1.809286,4.078012,9.844036,10.318843,0.967369,3.009079,3.847175,1.671444
20.000000,10.739705,10.986009,1.810966,4.083435,9.846262,10.317541,0.975856,3.017018,3.822298,2.180903
20.100000,10.734549,10.983159,1.812298,4.086958,9.837153,10.313701,0.981367,3.024883,3.451216,2.109030
20.200000,10.733877,10.981462,1.816021,4.095466,9.838643,10.313195,0.990568,3.037358,4.355181,2.434700
20.300000,10.731573,10.979188,1.818532,4.101876,9.839891,10.308253,0.999206,3.048982,3.991741,2.278347
20.400000,10.727689,10.978045,1.823566,4.106353,9.833488,10.309752,1.008601,3.058936,3.679623,2.603621
20.500000,10.726402,10.975722,1.826079,4.113944,9.832967,10.314432,1.016518,3.071579,4.235457,2.247784
20.600000,10.724370,10.971117,1.823068,4.120890,9.828964,10.314139,1.019007,3.079410,4.081472,1.578950
20.700000,10.723866,10.966563,1.820413,4.129472,9.826556,10.313243,1.019845,3.090988,4.404813,1.584708
20.800000,10.723763,10.962283,1.818530,4.138411,9.829779,10.314030,1.022570,3.104440,4.490174,1.705562
20.900000,10.720925,10.957702,1.815678,4.144312,9.823244,10.310702,1.023767,3.112533,3.911729,1.577542
21.000000,10.721081,10.954395,1.815760,4.153493,9.824885,10.312275,1.028975,3.126889,4.520912,1.951420
21.100000,10.719167,10.950200,1.813609,4.160265,9.833044,10.306182,1.034715,3.137930,4.103919,1.681090
21.200000,10.712155,10.947738,1.815264,4.161183,9.830985,10.301862,1.041910,3.139763,3.029621,2.164834
21.300000,10.706095,10.946169,1.818993,4.163198,9.822410,10.309781,1.049477,3.148300,3.243356,2.434915
21.400000,10.703939,10.941240,1.814907,4.169637,9.816041,10.306426,1.049164,3.157784,4.048698,1.454071
21.500000,10.704552,10.937813,1.814461,4.179351,9.822618,10.306327,1.055657,3.174519,4.616196,1.875977
21.600000,10.700254,10.933876,1.812818,4.183442,9.818806,10.301489,1.058034,3.181936,3.612711,1.731534
21.700000,10.697786,10.931551,1.814904,4.189547,9.818790,10.300549,1.064804,3.193536,3.931853,2.216307
21.800000,10.694315,10.929266,1.816501,4.194512,9.821195,10.298752,1.072022,3.203828,3.750943,2.164082
21.900000,10.688646,10.926972,1.818154,4.196820,9.817770,10.296075,1.077983,3.210965,3.322555,2.174588
22.000000,10.684582,10.925055,1.821019,4.200962,9.815112,10.297994,1.085469,3.222722,3.598969,2.327690
22.100000,10.680800,10.921924,1.820930,4.205591,9.808496,10.291198,1.089673,3.228999,3.704440,1.965112
22.200000,10.680186,10.921195,1.826088,4.213692,9.809761,10.298381,1.099723,3.240588,4.360839,2.612220
22.300000,10.678050,10.916877,1.823466,4.220188,9.805946,10.294677,1.101669,3.248842,4.018503,1.604694
22.400000,10.677101,10.913888,1.823745,4.228295,9.807925,10.298946,1.107046,3.262025,4.321374,1.983440
22.500000,10.674192,10.908888,1.819554,4.233679,9.812993,10.301776,1.108538,3.273097,3.878477,1.416391
22.600000,10.667780,10.902988,1.812964,4.235141,9.808535,10.299829,1.106814,3.278941,3.126178,1.090481
22.700000,10.663384,10.898136,1.808625,4.238759,9.809105,10.291094,1.106845,3.282681,3.534299,1.382094
22.800000,10.658419,10.896381,1.811398,4.241679,9.799127,10.288517,1.112318,3.287576,3.430730,2.311382
22.900000,10.658252,10.895417,1.815687,4.250356,9.793008,10.290751,1.119732,3.297939,4.475825,2.486740
23.000000,10.660812,10.892922,1.816823,4.261756,9.787191,10.293753,1.122414,3.319186,4.990066,2.101408
23.100000,10.664796,10.889500,1.815544,4.275062,9.795303,10.296057,1.126459,3.335382,5.290541,1.802399
23.200000,10.663185,10.884840,1.811886,4.281781,9.801325,10.295088,1.128139,3.348349,4.116725,1.463035
23.300000,10.657090,10.880647,1.808706,4.283471,9.788627,10.290565,1.126424,3.350589,3.235918,1.533891
23.400000,10.657806,10.878346,1.809974,4.293045,9.791889,10.287903,1.131381,3.363670,4.630016,2.119733
23.500000,10.655790,10.876615,1.812604,4.299496,9.792208,10.286002,1.137979,3.373692,4.061177,2.287928
23.600000,10.652846,10.875082,1.815573,4.304851,9.791183,10.283731,1.145394,3.380242,3.869903,2.331893
23.700000,10.650192,10.873743,1.819103,4.310256,9.787326,10.281065,1.152568,3.387001,3.886450,2.385887
23.800000,10.648934,10.872747,1.823375,4.317460,9.793704,10.277422,1.161794,3.395305,4.217099,2.500648
23.900000,10.643754,10.872339,1.828577,4.319842,9.789952,10.281978,1.171002,3.404158,3.380964,2.621992
24.000000,10.639910,10.869791,1.828375,4.323786,9.784638,10.282578,1.174126,3.411253,3.649762,1.924401
24.100000,10.638273,10.866444,1.827295,4.330412,9.784917,10.280486,1.177101,3.422173,4.128903,1.816940
24.200000,10.635735,10.863893,1.827471,4.335997,9.781338,10.277253,1.180853,3.427486,3.926431,1.985765
24.300000,10.634804,10.862269,1.829681,4.343359,9.782132,10.279462,1.187038,3.436009,4.249452,2.250947
24.400000,10.632737,10.859123,1.829067,4.349416,9.781068,10.272917,1.190140,3.445594,4.019431,1.865871
24.500000,10.630658,10.858323,1.833090,4.355200,9.782121,10.266934,1.197606,3.450855,3.999201,2.500869
24.600000,10.627618,10.858834,1.840617,4.360032,9.779386,10.265397,1.208187,3.459534,3.812814,2.929914
24.700000,10.625370,10.859208,1.847335,4.365967,9.776164,10.268193,1.218650,3.469293,3.985337,2.828339
24.800000,10.624182,10.857560,1.849806,4.372959,9.775211,10.262011,1.224423,3.477007,4.184631,2.279261
24.900000,10.622958,10.858034,1.856385,4.379918,9.773524,10.262547,1.234206,3.484871,4.182426,2.792694
25.000000,10.622240,10.857320,1.860388,4.387152,9.772838,10.266941,1.242252,3.496504,4.245865,2.488196
25.100000,10.620740,10.854187,1.859379,4.393702,9.768591,10.264790,1.243639,3.507142,4.126385,1.834848
25.200000,10.620942,10.851932,1.859987,4.401856,9.772932,10.263210,1.248538,3.520612,4.433855,2.071331
25.300000,10.617751,10.850073,1.861200,4.406254,9.775996,10.254608,1.254532,3.523385,3.734825,2.121312
25.400000,10.612736,10.850672,1.868060,4.408380,9.768463,10.253749,1.263728,3.531072,3.369308,2.850667
25.500000,10.611247,10.850654,1.873887,4.414792,9.761427,10.253875,1.271191,3.538708,4.092343,2.731643
25.600000,10.612934,10.850107,1.878364,4.424978,9.765553,10.251754,1.279432,3.549895,4.757622,2.556183
25.700000,10.611499,10.849667,1.882899,4.431591,9.770363,10.252398,1.288438,3.560624,4.122161,2.560793
25.800000,10.606892,10.848255,1.884889,4.434040,9.766108,10.249650,1.293644,3.564817,3.411656,2.248568
25.900000,10.604229,10.847460,1.888258,4.438721,9.771828,10.252675,1.301942,3.572490,3.827707,2.417878
26.000000,10.597845,10.844555,1.887241,4.439208,9.769127,10.249904,1.304673,3.575704,3.059283,1.862718
26.100000,10.592504,10.842502,1.887999,4.441006,9.762072,10.244965,1.307637,3.579145,3.316549,2.096041
26.200000,10.590904,10.842050,1.892570,4.447123,9.764432,10.243827,1.316178,3.586946,4.062026,2.568189
26.300000,10.587378,10.841259,1.896077,4.451057,9.760138,10.243210,1.322185,3.592726,3.677144,2.457029
26.400000,10.585872,10.840307,1.899289,4.457159,9.762770,10.244005,1.328714,3.602512,4.067023,2.383773
26.500000,10.582272,10.838412,1.900405,4.460579,9.761781,10.239161,1.333396,3.607309,3.613971,2.131832
26.600000,10.579048,10.837994,1.904692,4.464271,9.763333,10.242747,1.341214,3.614959,3.659403,2.524457
26.700000,10.574199,10.835383,1.904172,4.466332,9.759898,10.237842,1.343587,3.617912,3.356061,1.940114
26.800000,10.571127,10.834467,1.907410,4.470161,9.757820,10.243349,1.349714,3.627660,3.704358,2.409371
26.900000,10.568484,10.831072,1.905138,4.474513,9.753109,10.238276,1.349188,3.631886,3.767568,1.692050
27.000000,10.568015,10.829675,1.907372,4.481557,9.760044,10.230722,1.355361,3.642053,4.236925,2.270705
27.100000,10.562994,10.830527,1.914223,4.483308,9.757550,10.238206,1.365201,3.645804,3.315424,2.889817
27.200000,10.558826,10.827715,1.912979,4.486366,9.755139,10.238510,1.366944,3.652145,3.519987,1.841895
27.300000,10.555755,10.824714,1.911069,4.490271,9.750360,10.231038,1.367592,3.657988,3.686190,1.787922
27.400000,10.554712,10.824388,1.915505,4.496769,9.750176,10.233854,1.375342,3.667988,4.142722,2.589396
27.500000,10.553012,10.822343,1.916208,4.502305,9.755026,10.230897,1.380086,3.673721,3.996790,2.100935
27.600000,10.548314,10.820903,1.918311,4.504515,9.752370,10.234677,1.385780,3.679995,3.369526,2.273058
27.700000,10.544669,10.817681,1.916413,4.507571,9.737277,10.227957,1.383897,3.683801,3.557870,1.741036
27.800000,10.548820,10.817631,1.920852,4.520036,9.741878,10.230961,1.391085,3.700450,5.198109,2.569700
27.900000,10.549126,10.815731,1.921475,4.527863,9.740467,10.235970,1.393502,3.714161,4.407916,2.078362
28.000000,10.549009,10.811909,1.917709,4.535263,9.738314,10.230538,1.392572,3.725203,4.331382,1.528336
28.100000,10.549228,10.810563,1.918840,4.542967,9.736991,10.227424,1.396152,3.735908,4.403759,2.165724
28.200000,10.549337,10.809912,1.922090,4.550610,9.744094,10.231184,1.403100,3.747897,4.385368,2.425693
28.300000,10.544829,10.807178,1.920910,4.552774,9.742322,10.227678,1.405036,3.752336,3.389589,1.838352
28.400000,10.540899,10.805772,1.922008,4.555637,9.738982,10.218406,1.408450,3.754981,3.523971,2.170168
28.500000,10.538650,10.807322,1.930217,4.560359,9.738932,10.218864,1.419436,3.761854,3.876522,3.065174
28.600000,10.535899,10.807514,1.935774,4.564557,9.737038,10.224124,1.427360,3.769349,3.773338,2.720052
28.700000,10.533522,10.805065,1.935542,4.569144,9.734580,10.224317,1.428824,3.779509,3.853947,1.968275
28.800000,10.531911,10.802761,1.935013,4.574451,9.733567,10.219870,1.430847,3.785876,3.962890,1.944316
28.900000,10.530229,10.801931,1.937724,4.579882,9.730383,10.219270,1.436577,3.792491,3.983008,2.374725
29.000000,10.529795,10.800989,1.940126,4.586772,9.729977,10.218625,1.441626,3.802912,4.234545,2.303071
29.100000,10.528907,10.799860,1.942042,4.592933,9.728559,10.226290,1.445630,3.815359,4.113003,2.256390
29.200000,10.527688,10.795611,1.937024,4.598535,9.729741,10.214125,1.443530,3.820834,4.052424,1.377588
29.300000,10.525418,10.796264,1.942536,4.603318,9.728979,10.219075,1.451402,3.828390,3.857179,2.725722
29.400000,10.522988,10.794340,1.942398,4.607836,9.727894,10.214706,1.454360,3.835334,3.810902,2.003244
29.500000,10.520787,10.793681,1.945610,4.612176,9.723396,10.216654,1.459220,3.843378,3.829619,2.399897
29.600000,10.520305,10.792025,1.946220,4.618894,9.724726,10.216062,1.461357,3.851060,4.198605,2.094832
29.700000,10.518492,10.790626,1.946900,4.623927,9.723359,10.213022,1.464756,3.858002,3.926407,2.112049
29.800000,10.516852,10.789804,1.949565,4.629055,9.722280,10.209857,1.469722,3.863953,3.973869,2.357422
29.900000,10.515511,10.789892,1.953810,4.634676,9.724460,10.208522,1.476484,3.871019,4.006182,2.566523
30.000000,10.512780,10.789749,1.957741,4.637977,9.715173,10.209905,1.481753,3.877977,3.652638,2.522615
30.100000,10.514180,10.788943,1.959752,4.646692,9.716309,10.210709,1.485939,3.889695,4.576153,2.279206
30.200000,10.514027,10.787471,1.960258,4.653262,9.716335,10.210069,1.489202,3.899313,4.257130,2.102568
30.300000,10.513115,10.786007,1.960986,4.659396,9.716064,10.210359,1.491950,3.907887,4.099511,2.102261
30.400000,10.511654,10.784243,1.960992,4.664504,9.715670,10.206614,1.493667,3.913629,3.989896,2.017490
30.500000,10.509993,10.783610,1.963788,4.669572,9.714489,10.205557,1.498245,3.920455,3.948965,2.377997
30.600000,10.508648,10.783079,1.966490,4.674681,9.715406,10.205403,1.503904,3.928759,3.973447,2.379722
30.700000,10.505991,10.782142,1.968164,4.678438,9.713377,10.210382,1.508277,3.936098,3.737578,2.251629
30.800000,10.503817,10.778776,1.965162,4.682863,9.708235,10.203200,1.506488,3.943602,3.834977,1.630933
30.900000,10.503786,10.778592,1.968565,4.689812,9.713508,10.202830,1.512884,3.954578,4.302017,2.475886
31.000000,10.500080,10.777952,1.970943,4.692486,9.709721,10.201841,1.517293,3.958446,3.536117,2.340463
31.100000,10.498198,10.777205,1.973175,4.697073,9.714500,10.195734,1.523183,3.963834,3.900209,2.340869
31.200000,10.493607,10.777946,1.979062,4.698386,9.714587,10.201717,1.532251,3.969208,3.293603,2.807464
31.300000,10.488348,10.775845,1.978307,4.698933,9.703166,10.202673,1.532684,3.974806,3.186288,1.931718
31.400000,10.488772,10.773625,1.976988,4.706168,9.703671,10.199150,1.533403,3.984335,4.369384,1.876462
31.500000,10.488483,10.772664,1.978702,4.712244,9.701318,10.197775,1.536485,3.992259,4.164745,2.249566
31.600000,10.488640,10.771924,1.981055,4.719436,9.700237,10.196144,1.540663,3.998870,4.302191,2.334762
31.700000,10.488923,10.771545,1.983941,4.726343,9.701012,10.198923,1.545165,4.008946,4.319948,2.406631
31.800000,10.487883,10.770024,1.983519,4.731880,9.701996,10.197134,1.547649,4.017982,4.063878,2.009758
31.900000,10.485984,10.768683,1.984395,4.735867,9.697479,10.205038,1.549829,4.027991,3.810567,2.146484
32.000000,10.485332,10.764425,1.978683,4.741845,9.694274,10.197021,1.545502,4.033171,4.134881,1.299100
32.100000,10.486010,10.763699,1.980460,4.749399,9.689753,10.195380,1.548434,4.041856,4.424020,2.291263
32.200000,10.488628,10.763275,1.983381,4.758792,9.693903,10.196004,1.553755,4.053110,4.791765,2.418580
32.300000,10.488209,10.762339,1.984929,4.764839,9.696344,10.192681,1.557820,4.059212,4.144042,2.214312
32.400000,10.485715,10.762371,1.988050,4.768761,9.694615,10.190957,1.562929,4.063965,3.780043,2.452192
32.500000,10.483842,10.762528,1.991618,4.773317,9.691498,10.187376,1.567783,4.069609,3.901190,2.503502
32.600000,10.483372,10.763579,1.997204,4.779547,9.693226,10.193009,1.576540,4.079848,4.166877,2.764139
32.700000,10.481044,10.761776,1.996423,4.783367,9.693334,10.190896,1.577721,4.086175,3.796898,1.940830
32.800000,10.478280,10.760570,1.997135,4.786762,9.690235,10.190175,1.579999,4.091624,3.686055,2.144867
32.900000,10.476854,10.759568,1.998266,4.791458,9.691749,10.185709,1.583116,4.095834,3.945556,2.180276
33.000000,10.474543,10.759948,2.002085,4.795084,9.689792,10.181653,1.588773,4.099258,3.718227,2.563356
33.100000,10.472907,10.761217,2.008288,4.799515,9.692304,10.182697,1.597406,4.105133,3.892072,2.839735
33.200000,10.469453,10.761259,2.011678,4.801777,9.688126,10.183539,1.602464,4.110638,3.516102,2.485783
33.300000,10.467846,10.760729,2.013341,4.806102,9.688764,10.181309,1.606611,4.115731,3.892940,2.280134
33.400000,10.465339,10.760615,2.016110,4.809789,9.690470,10.177185,1.612103,4.119815,3.744642,2.404417
33.500000,10.461636,10.761570,2.020962,4.812047,9.684235,10.178748,1.618448,4.124231,3.498072,2.681207
33.600000,10.461085,10.761155,2.023279,4.817856,9.685736,10.177209,1.622935,4.130201,4.121808,2.366859
33.700000,10.459224,10.761147,2.026138,4.822103,9.685418,10.181817,1.627686,4.137447,3.861194,2.408085
33.800000,10.457114,10.758793,2.024296,4.825808,9.685691,10.174581,1.628193,4.140941,3.769537,1.807852
33.900000,10.454464,10.759122,2.028271,4.829185,9.681670,10.174484,1.633268,4.146874,3.697696,2.559162
34.000000,10.453561,10.759336,2.031361,4.834544,9.681641,10.182397,1.638305,4.155891,4.051933,2.451738
34.100000,10.451957,10.756081,2.027024,4.838863,9.679980,10.179578,1.635599,4.163028,3.891861,1.500844
34.200000,10.450822,10.754309,2.025918,4.843583,9.682837,10.176099,1.637027,4.167975,3.965277,1.900253
34.300000,10.447880,10.753552,2.027170,4.846138,9.680640,10.179243,1.640095,4.173770,3.572834,2.226077
34.400000,10.445362,10.751285,2.025285,4.849439,9.678385,10.177559,1.640059,4.179053,3.717554,1.830819
34.500000,10.443660,10.749999,2.024918,4.853895,9.677657,10.182220,1.642085,4.186634,3.886473,2.030527
34.600000,10.441732,10.746728,2.020675,4.858033,9.677477,10.180780,1.639982,4.193227,3.833953,1.506498
34.700000,10.439545,10.744276,2.018191,4.861731,9.678941,10.180067,1.640008,4.199510,3.747883,1.737180
34.800000,10.435870,10.742154,2.016472,4.863645,9.680043,10.175355,1.640592,4.200391,3.482532,1.822905
34.900000,10.431834,10.741758,2.018525,4.864854,9.680406,10.175152,1.645188,4.202470,3.355397,2.297588
35.000000,10.427354,10.740911,2.019485,4.866014,9.673540,10.172943,1.647269,4.205991,3.282949,2.188943
35.100000,10.426557,10.740909,2.022071,4.871024,9.672486,10.173144,1.651478,4.215388,3.998174,2.393207
35.200000,10.425385,10.740183,2.023793,4.875746,9.671780,10.171212,1.654617,4.221002,3.962705,2.278244
35.300000,10.423948,10.740049,2.026516,4.880533,9.669169,10.172941,1.658937,4.227111,3.954852,2.406460
35.400000,10.423619,10.739195,2.027205,4.886293,9.672693,10.168491,1.661793,4.234190,4.144197,2.124887
35.500000,10.420953,10.739507,2.030592,4.889132,9.669633,10.170892,1.666816,4.239895,3.644784,2.513793
35.600000,10.419325,10.738576,2.031118,4.893488,9.666718,10.175169,1.668804,4.249337,3.889886,2.141715
35.700000,10.418500,10.735952,2.028047,4.898832,9.669619,10.176589,1.667909,4.257408,4.051943,1.671628
35.800000,10.415663,10.733032,2.023992,4.901286,9.667336,10.173532,1.665774,4.262890,3.591490,1.560676
35.900000,10.413673,10.731448,2.023290,4.904658,9.672019,10.178430,1.667911,4.269945,3.762217,1.965906
36.000000,10.408301,10.728056,2.018068,4.904579,9.667746,10.173728,1.665072,4.271416,3.113080,1.393139
36.100000,10.405340,10.726521,2.017575,4.906869,9.664922,10.170614,1.666294,4.274204,3.575376,1.987403
36.200000,10.403626,10.726037,2.019310,4.910857,9.665159,10.170450,1.669957,4.279443,3.852362,2.295077
36.300000,10.401480,10.725522,2.020531,4.914408,9.663433,10.172543,1.672887,4.285616,3.741580,2.218209
36.400000,10.399643,10.724050,2.019535,4.918190,9.664853,10.169331,1.674017,4.290730,3.829636,1.936031
36.500000,10.396601,10.723669,2.021005,4.920593,9.663332,10.173863,1.676847,4.297433,3.594106,2.247942
36.600000,10.393868,10.721188,2.018521,4.923464,9.661643,10.171580,1.675886,4.301966,3.645247,1.714050
36.700000,10.391714,10.719939,2.018111,4.927113,9.660022,10.172917,1.677126,4.307492,3.763974,1.999307
36.800000,10.389848,10.718126,2.016510,4.931215,9.661319,10.170295,1.677483,4.314490,3.851854,1.843494
36.900000,10.386955,10.717209,2.017017,4.933705,9.660686,10.171551,1.679506,4.320901,3.597505,2.121730
37.000000,10.383809,10.715639,2.016258,4.935881,9.659747,10.168386,1.680782,4.323448,3.560844,1.950411
37.100000,10.381073,10.715242,2.017656,4.938816,9.657708,10.168412,1.683951,4.326972,3.631128,2.254393
37.200000,10.379213,10.714566,2.018615,4.942595,9.658342,10.164227,1.686670,4.330344,3.802236,2.175440
37.300000,10.376904,10.715192,2.022199,4.945633,9.659475,10.167212,1.692516,4.336552,3.686011,2.540430
37.400000,10.373423,10.714017,2.022191,4.947471,9.658959,10.163050,1.694364,4.340487,3.453233,2.069381
37.500000,10.369843,10.714502,2.025409,4.949350,9.655044,10.159397,1.698592,4.342311,3.455792,2.462997
37.600000,10.368441,10.715747,2.030745,4.953266,9.655498,10.164190,1.705658,4.348311,3.872816,2.739868
37.700000,10.366220,10.714555,2.030626,4.956530,9.654890,10.163712,1.706887,4.352281,3.715956,2.045580
37.800000,10.364009,10.713651,2.030740,4.959791,9.653325,10.164318,1.708381,4.357783,3.720107,2.072162
37.900000,10.361942,10.712414,2.030086,4.963548,9.652700,10.159981,1.709346,4.361497,3.803671,1.985076
38.000000,10.360357,10.712494,2.032772,4.967462,9.652935,10.160612,1.713848,4.365892,3.821974,2.422609
38.100000,10.358341,10.712294,2.034064,4.970815,9.648993,10.157487,1.716126,4.371227,3.723882,2.235492
38.200000,10.358040,10.712920,2.037633,4.976001,9.647564,10.161687,1.720905,4.380501,4.084210,2.523500
38.300000,10.357601,10.711529,2.036980,4.981395,9.646938,10.163790,1.721332,4.388175,4.084082,1.973408
38.400000,10.356854,10.709545,2.034567,4.986260,9.645982,10.164698,1.720201,4.394507,4.023417,1.763413
38.500000,10.356110,10.707241,2.031959,4.991212,9.645888,10.164912,1.718969,4.402554,4.023576,1.721836
38.600000,10.354742,10.705290,2.029544,4.995303,9.644426,10.161594,1.717912,4.407789,3.900557,1.757231
38.700000,10.353777,10.704713,2.030247,4.999933,9.648731,10.160294,1.720852,4.414354,3.984265,2.154434
38.800000,10.349921,10.704241,2.031408,5.001208,9.647074,10.159442,1.723717,4.416250,3.399024,2.206562
38.900000,10.346915,10.703875,2.032685,5.003425,9.645279,10.157597,1.726335,4.419762,3.555967,2.222396
39.000000,10.344746,10.703987,2.034853,5.006544,9.644776,10.156306,1.730489,4.423998,3.703662,2.354030
39.100000,10.342359,10.704330,2.037306,5.009693,9.641480,10.153810,1.734079,4.427489,3.694490,2.380038
39.200000,10.341682,10.705031,2.041206,5.014421,9.641062,10.158313,1.739046,4.435170,4.012128,2.556313
39.300000,10.340552,10.703769,2.040484,5.018798,9.641317,10.159307,1.739647,4.440795,3.924687,1.961089
39.400000,10.338764,10.702169,2.038778,5.022357,9.644382,10.160322,1.739790,4.446434,3.801648,1.853408
39.500000,10.335078,10.700214,2.036314,5.023590,9.641916,10.161349,1.738854,4.449775,3.364147,1.747422
39.600000,10.332455,10.697991,2.033336,5.026023,9.639362,10.158775,1.736872,4.452896,3.582191,1.684842
39.700000,10.330727,10.697064,2.032977,5.029749,9.635155,10.160698,1.737389,4.458031,3.820765,2.029465
39.800000,10.330762,10.695296,2.031210,5.035493,9.632496,10.155616,1.736143,4.464811,4.202403,1.841274
39.900000,10.331849,10.695550,2.034155,5.042272,9.635607,10.156230,1.740699,4.473454,4.397959,2.436682
40.000000,10.330744,10.695390,2.035636,5.046211,9.637862,10.155410,1.743970,4.478921,3.908428,2.250474
40.100000,10.327860,10.695318,2.036904,5.048431,9.633725,10.153343,1.746413,4.481548,3.569424,2.246694
40.200000,10.326999,10.695670,2.039722,5.053049,9.636511,10.152973,1.750937,4.486794,3.993740,2.412266
40.300000,10.324414,10.695546,2.041667,5.055367,9.631713,10.152162,1.753788,4.489897,3.598597,2.322053
40.400000,10.323995,10.695750,2.043749,5.060514,9.636486,10.151374,1.758257,4.496712,4.086461,2.347777
40.500000,10.320600,10.695747,2.045466,5.061941,9.634583,10.151655,1.761272,4.500645,3.444219,2.300132
40.600000,10.317892,10.695337,2.046265,5.064407,9.634243,10.153848,1.763735,4.505672,3.592620,2.198952
40.700000,10.315106,10.694092,2.044972,5.066470,9.633196,10.152110,1.764078,4.508915,3.544135,1.911532
40.800000,10.312562,10.693435,2.045323,5.068960,9.634996,10.150496,1.766184,4.512240,3.611423,2.095374
40.900000,10.308718,10.693270,2.046207,5.069880,9.633370,10.152664,1.768623,4.515343,3.359809,2.204683
41.000000,10.305671,10.692035,2.044924,5.071625,9.630270,10.153591,1.768867,4.519372,3.486730,1.919894
41.100000,10.303671,10.690252,2.043216,5.074955,9.628741,10.150321,1.768172,4.523458,3.764820,1.837023
41.200000,10.302254,10.689951,2.044361,5.078834,9.626648,10.149787,1.770234,4.527621,3.874918,2.215440
41.300000,10.301910,10.689675,2.045468,5.083783,9.627104,10.152719,1.772891,4.534384,4.042027,2.228659
41.400000,10.300491,10.688238,2.043853,5.087722,9.627158,10.153416,1.772585,4.539319,3.874558,1.859994
41.500000,10.298707,10.686610,2.041799,5.091019,9.627356,10.152889,1.772162,4.543283,3.785468,1.808884
41.600000,10.296526,10.685351,2.040433,5.093866,9.623548,10.153060,1.771655,4.549037,3.698919,1.886142
41.700000,10.295975,10.684044,2.039095,5.098470,9.623203,10.156549,1.771458,4.556833,4.028962,1.911364
41.800000,10.295007,10.681563,2.035002,5.102606,9.621287,10.153216,1.768729,4.562909,3.931541,1.574001
41.900000,10.294651,10.680715,2.034796,5.107407,9.620018,10.156584,1.769346,4.569534,4.051288,2.025464
42.000000,10.294199,10.678581,2.031646,5.112440,9.621594,10.151107,1.767827,4.574420,4.077038,1.676820
42.100000,10.292706,10.678710,2.033404,5.115907,9.623203,10.150178,1.771299,4.578193,3.831185,2.301840
42.200000,10.290047,10.678865,2.035271,5.118141,9.620806,10.154455,1.774505,4.584670,3.592474,2.300933
42.300000,10.288165,10.677076,2.032994,5.121226,9.621539,10.153728,1.773606,4.588855,3.745828,1.784490
42.400000,10.285593,10.675775,2.031700,5.123440,9.619233,10.151650,1.773504,4.591747,3.596019,1.895452
42.500000,10.284001,10.675283,2.032218,5.126824,9.618468,10.153911,1.775348,4.596184,3.810240,2.131251
42.600000,10.282512,10.674031,2.030521,5.130294,9.618117,10.152830,1.774697,4.601677,3.818615,1.854642
42.700000,10.280752,10.673189,2.029890,5.133450,9.619579,10.151299,1.776108,4.606302,3.769125,2.002550
42.800000,10.277692,10.672787,2.030439,5.135445,9.619445,10.150028,1.778215,4.609847,3.533251,2.128197
42.900000,10.274551,10.672622,2.031768,5.136965,9.616639,10.147734,1.780577,4.612766,3.493242,2.208664
43.000000,10.272785,10.673089,2.034292,5.140220,9.618637,10.153086,1.784680,4.618772,3.764334,2.396064
43.100000,10.269177,10.671340,2.031659,5.141696,9.621083,10.148501,1.783978,4.621417,3.432451,1.724290
43.200000,10.264258,10.671168,2.033087,5.141344,9.614035,10.148894,1.785865,4.622134,3.124775,2.223019
43.300000,10.263138,10.670692,2.033724,5.145158,9.613580,10.150927,1.787749,4.628079,3.900348,2.152158
43.400000,10.261813,10.669478,2.032283,5.148744,9.612528,10.147402,1.787337,4.633071,3.849590,1.901087
43.500000,10.260576,10.669517,2.034138,5.152597,9.611854,10.151127,1.790110,4.639073,3.891942,2.298542
43.600000,10.259137,10.668101,2.032337,5.156249,9.611739,10.147165,1.789502,4.641956,3.861613,1.845142
43.700000,10.257641,10.667945,2.034073,5.159923,9.611608,10.150572,1.792172,4.648281,3.834792,2.285353
43.800000,10.255609,10.666528,2.032472,5.162914,9.613613,10.149034,1.792386,4.653385,3.739125,1.867213
43.900000,10.252318,10.665813,2.032146,5.164199,9.612199,10.152475,1.793559,4.657476,3.434107,2.028229
44.000000,10.249353,10.663649,2.028893,5.165830,9.609156,10.150079,1.791233,4.660508,3.517942,1.649295
44.100000,10.247741,10.662732,2.028165,5.169242,9.606081,10.150889,1.791145,4.665225,3.811911,1.986813
44.200000,10.247362,10.661561,2.027107,5.174066,9.604894,10.150660,1.791015,4.670442,4.075828,1.927633
44.300000,10.247336,10.660688,2.026373,5.179312,9.606045,10.153213,1.791567,4.678104,4.122762,1.973087
44.400000,10.245989,10.658660,2.023601,5.182748,9.603102,10.148571,1.789666,4.681604,3.862706,1.705978
44.500000,10.245952,10.658648,2.025163,5.188021,9.599419,10.151646,1.791556,4.687989,4.142453,2.266747
44.600000,10.247286,10.657551,2.024062,5.194928,9.598773,10.155138,1.791196,4.698546,4.442987,1.918552
44.700000,10.248096,10.655375,2.020392,5.201156,9.602343,10.153770,1.788740,4.706065,4.333517,1.594033
44.800000,10.246499,10.653861,2.018686,5.204511,9.604438,10.154095,1.788483,4.710846,3.812483,1.817185
44.900000,10.243375,10.652443,2.016746,5.205995,9.604534,10.151699,1.788034,4.711585,3.498733,1.796155
45.000000,10.240163,10.651810,2.016605,5.207474,9.605335,10.143639,1.789589,4.711135,3.480492,2.061558
45.100000,10.236741,10.654085,2.022660,5.208430,9.603904,10.144804,1.796835,4.712827,3.415652,2.854348
45.200000,10.233928,10.655076,2.026247,5.210355,9.601965,10.148800,1.801824,4.716895,3.548046,2.527506
45.300000,10.231555,10.654353,2.025644,5.213122,9.604318,10.150074,1.802868,4.722131,3.691265,1.979353
45.400000,10.227677,10.653072,2.023909,5.213920,9.601806,10.148965,1.801849,4.723204,3.339800,1.820888
45.500000,10.225187,10.652331,2.023409,5.216062,9.599545,10.146492,1.802086,4.726105,3.604596,1.978324
45.600000,10.223523,10.652382,2.024800,5.219377,9.598189,10.151601,1.804501,4.731769,3.814449,2.245232
45.700000,10.222291,10.650433,2.021744,5.222829,9.597782,10.150769,1.802562,4.736489,3.862883,1.658952
45.800000,10.220685,10.649119,2.019769,5.226308,9.596831,10.152525,1.801389,4.743253,3.831335,1.817073
45.900000,10.218994,10.647392,2.016908,5.229766,9.593489,10.155396,1.798956,4.749828,3.821805,1.689099
46.000000,10.218633,10.644902,2.012557,5.234381,9.596519,10.151275,1.796021,4.754352,4.079735,1.489502
46.100000,10.216575,10.644330,2.012353,5.236995,9.595983,10.152248,1.796976,4.759450,3.673888,2.008828
46.200000,10.214087,10.643199,2.011096,5.239359,9.594940,10.152754,1.796713,4.762968,3.647958,1.893996
46.300000,10.211909,10.642016,2.009695,5.242054,9.592361,10.155800,1.796082,4.768395,3.705219,1.861617
46.400000,10.210737,10.639830,2.005963,5.245638,9.588850,10.154642,1.792926,4.773030,3.897192,1.584803
46.500000,10.211203,10.638534,2.004237,5.250985,9.590468,10.155556,1.792277,4.779756,4.213992,1.823532
46.600000,10.210119,10.636942,2.002089,5.254843,9.592675,10.151077,1.791428,4.783111,3.920099,1.759398
46.700000,10.207583,10.637215,2.003699,5.257107,9.592440,10.153594,1.794179,4.789094,3.626973,2.254095
46.800000,10.204704,10.636153,2.002955,5.258779,9.589302,10.152926,1.794196,4.792476,3.550298,1.925867
46.900000,10.203260,10.635387,2.002858,5.262239,9.587278,10.154096,1.794399,4.796716,3.846388,2.014716
47.000000,10.202477,10.634376,2.001611,5.266401,9.589047,10.153643,1.794232,4.802427,4.000121,1.904432
47.100000,10.200551,10.633550,2.001060,5.269133,9.587326,10.151808,1.794697,4.807676,3.709038,1.965702
47.200000,10.198949,10.633532,2.001921,5.272456,9.585501,10.149928,1.796571,4.811261,3.818496,2.163307
47.300000,10.198110,10.633979,2.004200,5.276480,9.588543,10.144281,1.800118,4.813439,3.967756,2.319909
47.400000,10.195608,10.636277,2.010002,5.278541,9.585988,10.146118,1.806641,4.816622,3.604856,2.800474
47.500000,10.194189,10.637185,2.012865,5.281799,9.584316,10.145031,1.810089,4.820509,3.836484,2.431858
47.600000,10.193410,10.638150,2.016141,5.285716,9.585540,10.145682,1.814395,4.825455,3.962498,2.459006
47.700000,10.191388,10.638590,2.017787,5.288632,9.582358,10.145747,1.816579,4.828829,3.744436,2.271963
47.800000,10.190958,10.638668,2.019139,5.293204,9.582445,10.148663,1.818564,4.834812,4.044896,2.219947
47.900000,10.189953,10.637640,2.017621,5.297142,9.581400,10.150926,1.818002,4.840265,3.931199,1.871579
48.000000,10.189081,10.635909,2.014608,5.301233,9.579524,10.150840,1.815468,4.845624,3.952978,1.669398
48.100000,10.188791,10.634822,2.012562,5.305878,9.580961,10.148203,1.814229,4.851459,4.073231,1.773942
48.200000,10.187371,10.634736,2.012703,5.309112,9.582180,10.151172,1.816026,4.856142,3.821096,2.096686
48.300000,10.184898,10.633309,2.010316,5.311025,9.581651,10.148851,1.814720,4.859650,3.602346,1.741071
48.400000,10.182390,10.633024,2.010251,5.312963,9.579248,10.148710,1.815295,4.861370,3.607656,2.033392
48.500000,10.181164,10.632548,2.010237,5.316340,9.577600,10.152653,1.815913,4.868137,3.848115,2.043649
48.600000,10.180079,10.630939,2.007071,5.320035,9.577337,10.148880,1.813713,4.872165,3.912687,1.636368
48.700000,10.178991,10.630702,2.007678,5.323496,9.579981,10.152781,1.815467,4.878339,3.882242,2.107546
48.800000,10.175782,10.628840,2.004569,5.324822,9.579995,10.151362,1.813820,4.880523,3.477648,1.654811
48.900000,10.172477,10.627918,2.002972,5.325809,9.577799,10.150359,1.813099,4.883347,3.442250,1.857725
49.000000,10.170182,10.627372,2.002763,5.327870,9.575550,10.148844,1.813127,4.885588,3.642644,1.998785
49.100000,10.168799,10.627403,2.003645,5.331175,9.575842,10.146219,1.815131,4.889292,3.859843,2.169876
49.200000,10.167095,10.628213,2.006191,5.334175,9.573100,10.149073,1.817858,4.893719,3.772163,2.393443
49.300000,10.166454,10.627611,2.006080,5.338286,9.573514,10.149081,1.818632,4.899048,4.000504,2.034849
49.400000,10.165205,10.627243,2.005798,5.341680,9.574418,10.149234,1.819405,4.902898,3.866473,2.023549
49.500000,10.163055,10.626745,2.005402,5.344364,9.573611,10.150141,1.819864,4.907944,3.701913,1.991504
49.600000,10.161068,10.626121,2.004115,5.346952,9.571265,10.147829,1.819617,4.910289,3.707020,1.898880
49.700000,10.159987,10.626180,2.005135,5.350647,9.572694,10.147953,1.821515,4.915572,3.934770,2.161979
49.800000,10.158080,10.626077,2.005570,5.353135,9.572400,10.146990,1.822707,4.918561,3.688354,2.101583
49.900000,10.155820,10.626291,2.006425,5.355602,9.573523,10.148222,1.824747,4.922222,3.674187,2.175516
