h1,h2,h3,h4,u1,u2,t_exec
12.58473868986952,12.98901752631829,4.775392333200685,4.882534846020844,0.0,0.0,0.0
12.569438374159194,12.978015918075258,4.750847824250064,4.865100845500499,0.0,0.0,0.0
12.55409912909465,12.96699520125694,4.726366473357233,4.847697998488703,0.0,0.0,0.0
12.596586745204936,12.978820037899247,4.752673187589385,4.897443805035374,12.0,6.540929317474365,3.3770833015441895
12.639074936579128,12.989775416884891,4.776814659592011,4.94710070719526,12.0,6.270473957061768,3.3729166984558105
12.681558065151933,12.999403270631815,4.797779647401943,4.996669313041665,12.0,5.868878364562988,3.3687500953674316
12.724027952153428,13.007381647834451,4.814860298474975,5.046150220441918,12.0,5.374935626983643,3.3729166984558105
12.766474673874097,13.013534559798114,4.8276735340055135,5.095544017338492,12.0,4.83029842376709,3.3687500953674316
12.808887395917626,13.017820000832089,4.836133995724304,5.1448512820194106,12.0,4.273238182067871,3.370833396911621
12.851255125885475,13.020304023134274,4.84039610510326,5.194072583378451,12.0,3.734651803970337,3.3729166984558105
12.89356731123752,13.021129447159005,4.8407843117293075,5.243208481165642,12.0,3.2365188598632812,3.3645832538604736
12.935814257388586,13.020485857214677,4.8377262957599,5.292259526228515,12.0,2.792259454727173,3.3583333492279053
12.977987377128953,13.01858473868784,4.831697672387131,5.341226260744537,12.0,2.408195734024048,3.362499952316284
13.02007930242736,13.015641070528378,4.8231810943870315,5.390109218445145,12.0,2.08539080619812,3.3645832538604736
13.062083895656484,13.011861080067744,4.812639081746744,5.43890892483176,12.0,1.8214058876037598,3.362499952316284
13.103996194757817,13.007435041249902,4.800498076605145,5.487625897384146,12.0,1.6117392778396606,3.362499952316284
13.145812320161777,13.002533788565058,4.787140762456347,5.536260645761471,12.0,1.4508870840072632,3.3604166507720947
13.18439412192793,12.997307742940384,4.772903965878721,5.581177156086347,11.349823951721191,1.3330607414245605,3.3604166507720947
13.211580431346912,12.991878078236766,4.7580725941522335,5.6129127440485105,9.006631851196289,1.2516752481460571,3.3604166507720947
13.228715070932807,12.986320347663467,4.742864681984145,5.6330296448030905,6.938777446746826,1.1982007026672363,3.352083444595337
13.237002558076426,12.98068856261774,4.727443922774457,5.642927556865323,5.117698669433594,1.1657013893127441,3.352083444595337
13.237514842962158,12.975018331665305,4.7119275082699055,5.643851694342522,3.516209363937378,1.1482348442077637,3.356250047683716
13.231200932396069,12.969329955264357,4.696393768612654,5.63690414451253,2.109097480773926,1.1408286094665527,3.356250047683716
13.218897857179865,12.963631313039464,4.6808892554475445,5.6230567471579835,0.8734040260314941,1.1394108533859253,3.3645832538604736
13.20236189025858,12.957920444107405,4.665435054920033,5.604347314765253,0.0,1.1407133340835571,3.366666555404663
13.18581132540867,12.952191020093515,4.650035064214628,5.585669033980399,0.0,1.142526626586914,3.366666555404663
13.169246275841843,12.946443267694708,4.634689663540038,5.567021904846748,0.0,1.14439857006073,3.366666555404663
13.15266685603013,12.94067550608749,4.61939500045189,5.548405927407769,0.0,1.145783543586731,3.370833396911621
13.136073170652502,12.934884785754043,4.604144413491184,5.529821101707078,0.0,1.1463180780410767,3.370833396911621
13.119465307193177,12.929067369509879,4.5889295036637145,5.511267427788438,0.0,1.1457759141921997,3.370833396911621
13.102843331299274,12.923219089242167,4.573740928604669,5.492744905695758,0.0,1.144032597541809,3.370833396911621
13.086207284192735,12.917335605997364,4.558568981144117,5.474253535473095,0.0,1.141037940979004,3.370833396911621
13.069557181586536,12.91141259227571,4.543403994421291,5.455793317164657,0.0,1.136793851852417,3.375
13.052893013660603,12.90544586203699,4.528236630382447,5.4373642508148,0.0,1.131339430809021,3.3729166984558105
13.036214745798357,12.899431453475264,4.51305806305339,5.418966336468028,0.0,1.1247375011444092,3.3729166984558105
13.019522319811928,12.893365686699912,4.4978601058542145,5.400599574169,0.0,1.1170674562454224,3.3729166984558105
13.002815655511835,12.887245190516502,4.48263527015717,5.382263963962525,0.0,1.1084164381027222,3.3729166984558105
12.986094652441587,12.881066915843201,4.4673767940942986,5.363959505893565,0.0,1.0988755226135254,3.3729166984558105
12.969359191699532,12.874828137444213,4.452078645390141,5.345686200007234,0.0,1.0885363817214966,3.3729166984558105
12.952609137779579,12.868526446076627,4.436735502910058,5.327444046348801,0.0,1.0774885416030884,3.3729166984558105
12.935844340374272,12.862159734811584,4.421342725300879,5.309233044963691,0.0,1.0658177137374878,3.3729166984558105
12.91906463610553,12.855726181619751,4.405896311380943,5.291053195897484,0.0,1.0536047220230103,3.3729166984558105
12.902269850160462,12.849224231142184,4.390392858773501,5.272904499195915,0.0,1.0409252643585205,3.3729166984558105
12.885459797826881,12.842652573563955,4.374829516166669,5.254786954904879,0.0,1.0278490781784058,3.3729166984558105
12.868634285910671,12.836010125177546,4.359203939387054,5.2367005630704275,0.0,1.0144404172897339,3.3729166984558105
12.85179311404437,12.829296007300526,4.343514243882137,5.218645323738771,0.0,1.0007575750350952,3.375
12.834936075876486,12.822509527716408,4.327758962866713,5.200621236956281,0.0,0.9868535995483398,3.3729166984558105
12.818062960155935,12.815650162760779,4.311937006959131,5.182628302769489,0.0,0.972776472568512,3.3729166984558105
12.801173551714776,12.808717539843627,4.296047624841994,5.164666521225087,0.0,0.9585692286491394,3.6187500953674316
12.784267632351298,12.801711421032493,4.280090366332208,5.14673589236993,0.0,0.9442702531814575,3.3729166984558105
12.767344981619146,12.794631689362127,4.264065051552654,5.128836416251037,0.0,0.9299140572547913,3.3729166984558105
12.750405377538362,12.787478334534,4.247971738794037,5.11096809291559,0.0,0.9155310988426208,3.3729166984558105
12.733448597224125,12.780251440714965,4.231810697080268,5.093130922410936,0.0,0.9011483788490295,3.3729166984558105
12.716474417445376,12.772951175807709,4.21558238203864,5.075324904784588,0.0,0.886789858341217,3.3729166984558105
12.699482615121747,12.765577780524556,4.199287411368594,5.057550040084226,0.0,0.8724763989448547,3.3729166984558105
12.68247296775721,12.758131559973457,4.182926545919799,5.039806328357697,0.0,0.858226478099823,3.602083444595337
12.665445253825276,12.750612874211383,4.1665006685068375,5.022093769653016,0.0,0.8440558910369873,3.3729166984558105
12.648399253099116,12.743022132766797,4.150010771560816,5.004412364018368,0.0,0.829978883266449,3.3729166984558105
12.63133474695047,12.735359786667813,4.133457939264869,4.986762111502108,0.0,0.8160074353218079,3.3729166984558105
12.614251518601819,12.727626321937567,4.11684333297155,4.969143012152761,0.0,0.8021516799926758,3.3729166984558105
12.597149353340502,12.719822256638748,4.1001681845158755,4.951555066019027,0.0,0.7884209156036377,3.3729166984558105
12.5800280387163,12.711948133754206,4.083433780299879,4.933998273149775,0.0,0.7748224139213562,3.3729166984558105
12.562887364696694,12.704004517409066,4.066641452814917,4.91647263359405,0.0,0.7613623738288879,3.3729166984558105
12.545727123800114,12.695991990347103,4.049792574959143,4.898978147401071,0.0,0.7480462789535522,3.3729166984558105
12.528547111214737,12.687911149534644,4.032888550209108,4.881514814620235,0.0,0.7348783612251282,3.3729166984558105
12.511347124891131,12.679762603436151,4.015930806515205,4.864082635301113,0.0,0.7218620777130127,3.3729166984558105
12.494126965618895,12.67154696845935,3.9989207883640168,4.846681609493452,0.0,0.7089998722076416,3.3729166984558105
12.476886437081985,12.663264868946303,3.9818599567198367,4.829311737247183,0.0,0.6962941884994507,3.3729166984558105
12.459625345914683,12.65491693278901,3.9647497792585393,4.811973018612411,0.0,0.6837462186813354,3.3729166984558105
12.442343501730827,12.646503791216928,3.94759172987277,4.794665453639425,0.0,0.6713570952415466,3.3729166984558105
12.425040717152228,12.638026076292807,3.9303872830933257,4.777389042378694,0.0,0.6591272354125977,3.3729166984558105
12.407716807821858,12.629484419244703,3.9131379103746524,4.760143784880869,0.0,0.6470565795898438,3.3729166984558105
12.390371592406916,12.620879451091728,3.8958450814749983,4.742929681196786,0.0,0.6351452469825745,3.3729166984558105
12.373004892606172,12.612211799518695,3.8785102575120773,4.725746731377464,0.0,0.6233924627304077,3.3729166984558105
12.355616533137876,12.603482088879549,3.861134890971651,4.708594935474109,0.0,0.6117974519729614,3.3729166984558105
12.338206341727895,12.594690939784076,3.8437204247914374,4.691474293538111,0.0,0.600359320640564,3.370833396911621
12.320774149095403,12.585838967226566,3.8262682882118306,4.674384805621049,0.0,0.5890766382217407,3.370833396911621
12.30331978892682,12.576926781216823,3.8087798981851964,4.657326471774691,0.0,0.5779481530189514,3.370833396911621
12.285843097853858,12.56795498595197,3.791256657545468,4.640299292050993,0.0,0.5669723749160767,3.370833396911621
12.26834391542634,12.558924178572463,3.773699952258511,4.623303266502103,0.0,0.5561474561691284,3.370833396911621
12.250822084077113,12.549834950419758,3.756111154227262,4.60633839518036,0.0,0.5454719066619873,3.370833396911621
12.233277449094992,12.540687884333806,3.7384916153064154,4.589404678138295,0.0,0.5349434614181519,3.370833396911621
12.215709858580343,12.531483556745748,3.7208426719659125,4.572502115428635,0.0,0.5245604515075684,3.370833396911621
12.198119163414049,12.522222536226225,3.7031656420831185,4.5556307071042985,0.0,0.5143207907676697,3.370833396911621
12.180505217217068,12.51290538370216,3.6854618254423333,4.538790453218402,0.0,0.5042224526405334,3.370833396911621
12.162867876311285,12.503532652256578,3.667732503308588,4.521981353824259,0.0,0.49426335096359253,3.370833396911621
12.145206999678974,12.494104886928655,3.649978938002906,4.505203408975381,0.0,0.484441339969635,3.370833396911621
12.12752244892082,12.48462262503489,3.6322023736346294,4.488456618725478,0.0,0.47475436329841614,3.370833396911621
12.109814088215906,12.475086395552308,3.6144040347518027,4.471740983128461,0.0,0.46520018577575684,3.370833396911621
12.092081784277521,12.465496719752501,3.5965851277691923,4.455056502238441,0.0,0.45577675104141235,3.3729166984558105
12.074325406312962,12.455854110793178,3.5787468400812164,4.438403176109734,0.0,0.4464818835258484,3.3729166984558105
12.056544825980476,12.44615907351854,3.560890339640012,4.421781004796857,0.0,0.43731334805488586,3.3729166984558105
12.038739917344719,12.436412105093298,3.543016776384004,4.405189988354535,0.0,0.42826908826828003,3.3729166984558105
12.020910556836192,12.42661369490675,3.5251272820447386,4.388630126837696,0.0,0.41934701800346375,3.3729166984558105
12.003056623209861,12.416764323435189,3.5072229676434166,4.372101420301476,0.0,0.4105447232723236,3.370833396911621
11.985177997496026,12.406864464335099,3.489304928159886,4.355603868801221,0.0,0.40186038613319397,3.3687500953674316
11.967274562964853,12.396914583408691,3.4713742402545105,4.339137472392484,0.0,0.3932918906211853,3.3687500953674316
11.949346205083865,12.38691513861237,3.453431962308333,4.322702231131031,0.0,0.3848371207714081,3.3687500953674316
11.931392811475233,12.376866580481916,3.43547913538795,4.306298145072839,0.0,0.37649407982826233,3.3687500953674316
11.9134142718757,12.366769351619602,3.4175167821277714,4.289925214274097,0.0,0.36826062202453613,3.3687500953674316
11.895410478092833,12.3566238870153,3.399545907464962,4.27358343879121,0.0,0.36013469099998474,3.3687500953674316
11.877381323963164,12.346430615513198,3.3815675019148292,4.257272818680797,0.0,0.35211464762687683,3.366666555404663
11.859326705320033,12.336189957839027,3.363582537209728,4.240993353999697,0.0,0.3441982865333557,3.366666555404663
11.84124651994786,12.325902327754818,3.345591968885096,4.224745044804963,0.0,0.33638373017311096,3.366666555404663
11.823140667543976,12.31556813289985,3.3275967381646474,4.208527891153869,0.0,0.32866933941841125,3.366666555404663
11.805009049685953,12.305187773442926,3.309597768986662,4.192341893103911,0.0,0.32105308771133423,3.362499952316284
11.786851569789533,12.294761641882124,3.2915959675820328,4.176187050712805,0.0,0.31353288888931274,3.362499952316284
11.768668133064882,12.284290125449232,3.273592227831969,4.160063364038491,0.0,0.3061073422431946,3.362499952316284
11.750458646489086,12.273773603927655,3.255587426440379,4.143970833139133,0.0,0.2987744212150574,3.362499952316284
11.73222301876343,12.263212451639905,3.2375824273661955,4.1279094580731215,0.0,0.2915326654911041,3.362499952316284
11.713961160284121,12.252607035369921,3.219578077228766,4.111879238899073,0.0,0.2843800187110901,3.362499952316284
11.695672983098405,12.241957716559032,3.201575210203691,4.095880175675833,0.0,0.27731505036354065,3.362499952316284
11.67735840087562,12.2312648499574,3.1835746450458124,4.079912268462477,0.0,0.27033594250679016,3.362499952316284
11.659017328868668,12.22052878467309,3.1655771874375427,4.063975517318312,0.0,0.26344117522239685,3.362499952316284
11.6406496838825,12.209749864178187,3.1475836300190405,4.048069922302876,0.0,0.25662922859191895,3.362499952316284
11.622255384242452,12.198928425325212,3.129594750223013,4.032195483475942,0.0,0.249898299574852,3.362499952316284
11.603834349755388,12.18806479976076,3.111611313432424,4.016352200897517,0.0,0.24324698746204376,3.362499952316284
11.58538650168053,12.17715931387905,3.0936340728929603,4.000540074627846,0.0,0.23667387664318085,3.362499952316284
11.566911762699725,12.166212288150478,3.0756637682393975,3.9847591047274116,0.0,0.2301773577928543,3.362499952316284
11.548410056882721,12.155224038013593,3.057701127493767,3.9690092912569352,0.0,0.2237560749053955,3.362499952316284
11.529881309658508,12.144194873620126,3.0397468665152307,3.95329063427738,0.0,0.21740859746932983,3.362499952316284
11.5113254477846,12.133125099684484,3.021801688683174,3.9376031338499504,0.0,0.2111334502696991,3.362499952316284
11.49274239931499,12.122015015541786,3.0038662850439146,3.9219467900360954,0.0,0.2049291729927063,3.362499952316284
11.47413209356825,12.110864915830899,2.9859413358440317,3.906321602897509,0.0,0.19879449903964996,3.362499952316284
11.45549446110026,12.09967509055165,2.9680275106723997,3.8907275724961314,0.0,0.1927281767129898,3.362499952316284
11.436829433677145,12.088445824340642,2.950125466868709,3.8751646988941513,0.0,0.18672874569892883,3.362499952316284
11.4181369442427,12.077177397414745,2.932235851635394,3.8596329821540065,0.0,0.18079501390457153,3.3604166507720947
11.399416926892396,12.065870085107123,2.914359301022975,3.844132422338387,0.0,0.17492565512657166,3.362499952316284
11.380669316843756,12.054524158341394,2.8964964409991136,3.8286630195102345,0.0,0.1691194772720337,3.362499952316284
11.36189405040994,12.04313988374064,2.878647887705617,3.8132247737327454,0.0,0.16337531805038452,3.3604166507720947
11.34309106497388,12.031717523580033,2.860814247368258,3.7978176850693717,0.0,0.15769200026988983,3.362499952316284
11.32426029896182,12.02025733568743,2.8429961160916704,3.7824417535838224,0.0,0.15206831693649292,3.362499952316284
11.305401691815876,12.008759574125428,2.82519408138866,3.7670969793400655,0.0,0.1465032547712326,3.362499952316284
11.286515183971382,11.997224487893257,2.8074087193135524,3.7517833624023296,0.0,0.14099542796611786,3.362499952316284
11.26760071682437,11.985652322078362,2.789640597036699,3.7365009028351053,0.0,0.13554377853870392,3.362499952316284
11.2486582327073,11.974043318746205,2.771890274832999,3.721249600703147,0.0,0.13014750182628632,3.362499952316284
11.229687674871203,11.962397715198598,2.7541583022283422,3.706029456071474,0.0,0.12480529397726059,3.612499952316284
11.210688987454589,11.950715744916595,2.736445220110597,3.690840469005372,0.0,0.11951611936092377,3.362499952316284
11.191662115459117,11.938997637304261,2.7187515601760377,3.6756826395703963,0.0,0.1142788678407669,3.362499952316284
11.17260700472308,11.92724361899543,2.7010778478447657,3.660555967832372,0.0,0.10909280180931091,3.362499952316284
11.153523601904503,11.915453913049356,2.6834246004864393,3.645460453857396,0.0,0.10395695269107819,3.362499952316284
11.134411854457957,11.903628737730594,2.665792324727858,3.630396097711839,0.0,0.09887000173330307,3.362499952316284
11.115271710601814,11.891768308988581,2.6481815219748057,3.615362899462346,0.0,0.09383133798837662,3.362499952316284
11.096103119304109,11.87987283845475,2.6305926839773166,3.6003608591758405,0.0,0.08883977681398392,3.362499952316284
11.076906030252868,11.867942534515189,2.6130262952284506,3.585389976919523,0.0,0.08389443904161453,3.629166603088379
11.057680393834366,11.855977603017452,2.595482834546297,3.5704502527608764,0.0,0.07899464666843414,3.362499952316284
11.038426161116593,11.843978245788836,2.577962771797342,3.5555416867676644,0.0,0.0741392970085144,3.362499952316284
11.01914328382105,11.831944662568182,2.5604665722006383,3.5406642790079346,0.0,0.06932783871889114,3.362499952316284
10.999831714309238,11.819877048820446,2.542994691488203,3.525818029550021,0.0,0.06455909460783005,3.362499952316284
10.980491405551927,11.807775597799033,2.525547580500689,3.511002938462546,0.0,0.05983247607946396,3.362499952316284
10.96112231111421,11.795640498959534,2.5081256816782327,3.496219005814419,0.0,0.05514694005250931,3.362499952316284
10.941724385127905,11.783471938576064,2.4907294304463368,3.481466231674843,0.0,0.05050161853432655,3.362499952316284
10.922297582268481,11.771270101034041,2.473359258099548,3.466744616113313,0.0,0.0458960123360157,3.362499952316284
10.902841857741919,11.759035167282649,2.456015588377293,3.4520541591996188,0.0,0.04132917895913124,3.362499952316284
10.883357167259131,11.746767315372637,2.438698838674551,3.4373948610038476,0.0,0.0368003286421299,3.362499952316284
10.863843467014322,11.734466721071634,2.421409421421954,3.422766721596385,0.0,0.03230884671211243,3.362499952316284
10.844300713668002,11.722133557430489,2.4041477431356735,3.4081697410479177,0.0,0.027853993698954582,3.362499952316284
10.824728864326293,11.709767993972456,2.386914202633255,3.393603919429434,0.0,0.023434797301888466,3.362499952316284
10.805127876513426,11.697370198383586,2.3697091948031166,3.379069256812228,0.0,0.01905076764523983,3.366666555404663
10.785497708157532,11.684940335857195,2.3525331091606656,3.364565753267899,0.0,0.014701226726174355,3.366666555404663
10.765838317570934,11.672478569047858,2.335386329760558,3.350093408868356,0.0,0.0103854825720191,3.366666555404663
10.74614966342977,11.659985058139416,2.3182692353624326,3.335652223685817,0.0,0.00610286183655262,3.366666555404663
10.726431704753912,11.64745996115709,2.301182200138098,3.3212421977928144,0.0,0.0018527796491980553,3.366666555404663
10.706684400889138,11.634911702342546,2.2841439369707763,3.3068633312621936,0.0,0.0,3.362499952316284
10.68690777965009,11.622346792817675,2.2671688677934574,3.292515624167117,0.0,0.0,3.362499952316284
10.667101922217954,11.60976525960265,2.250256993044047,3.278199076581066,0.0,0.0,3.362499952316284
10.6472669098577,11.59716712972999,2.2334083131637374,3.2639136885778424,0.0,0.0,3.362499952316284
10.627402823918779,11.584552430244647,2.216622828597048,3.249659460231571,0.0,0.0,3.362499952316284
10.607509745835806,11.571921188204108,2.1999005397918596,3.235436391616701,0.0,0.0,3.362499952316284
10.587587757129262,11.559273430678479,2.1832414471994555,3.2212444828080096,0.0,0.0,3.362499952316284
10.567636939406189,11.546609184750587,2.166645551274558,3.2070837338806024,0.0,0.0,3.362499952316284
10.547657374360893,11.533928477516067,2.15011285247537,3.1929541449099172,0.0,0.0,3.362499952316284
10.527649143775657,11.521231336083465,2.133643351263613,3.178855715971725,0.0,0.0,3.362499952316284
10.507612329521438,11.508517787574323,2.1172370481045704,3.164788447142133,0.0,0.0,3.3604166507720947
10.487547013558595,11.495787859123283,2.1008939434671268,3.1507523384975857,0.0,0.0,3.362499952316284
10.467453277937599,11.483041577878172,2.084614037823811,3.136747390114869,0.0,0.0,3.362499952316284
10.447331204799752,11.470278971000107,2.068397331650838,3.1227736020711108,0.0,0.0,3.362499952316284
10.427180876377923,11.457500065663588,2.052243825428153,3.108830974443784,0.0,0.0,3.362499952316284
10.407002374997267,11.44470488905659,2.0361535196394756,3.0949195073107094,0.0,0.0,3.362499952316284
10.386795783075964,11.431893468380666,2.020126414772343,3.081039200750056,0.0,0.0,3.362499952316284
10.366561183125954,11.419065830851038,2.004162511318157,3.0671900548403466,0.0,0.0,3.362499952316284
10.346298657753682,11.406222003696694,1.9882618097722304,3.0533720696604565,0.0,0.0,3.362499952316284
10.326008289660836,11.39336201416049,1.9724243106338322,3.039585245289619,0.0,0.0,3.362499952316284
10.305690161645105,11.380485889499242,1.9566500144062364,3.025829581807426,0.0,0.0,3.362499952316284
10.285344356600927,11.367593656983832,1.9409389215967705,3.0121050792938315,0.0,0.0,3.362499952316284
10.264970957520251,11.354685343899293,1.925291032716864,2.9984117378291533,0.0,0.0,3.362499952316284
10.244570047493298,11.341760977544919,1.909706348282099,2.9847495574940757,0.0,0.0,3.362499952316284
10.224141709709324,11.328820585234357,1.8941848688122611,2.971118538369652,0.0,0.0,3.362499952316284
10.203686027457392,11.315864194295711,1.8787265948313903,2.9575186805373077,0.0,0.0,3.362499952316284
10.183203084127154,11.302891832071637,1.8633315268678339,2.943949984078842,0.0,0.0,3.3645832538604736
10.162692963209619,11.289903525919444,1.8479996654543003,2.9304124490764307,0.0,0.0,3.3645832538604736
10.142155748297943,11.276899303211193,1.8327310111279127,2.91690607561263,0.0,0.0,3.3645832538604736
10.121591523088219,11.263879191333801,1.8175255644302644,2.903430863770377,0.0,0.0,3.3645832538604736
10.101000371380264,11.250843217689138,1.8023833259074746,2.8899868136329947,0.0,0.0,3.3645832538604736
10.080382377078424,11.237791409694125,1.7873042961102463,2.876573925284192,0.0,0.0,3.3645832538604736
10.059737624192366,11.224723794780843,1.772288475593923,2.863192198808069,0.0,0.0,3.3645832538604736
10.03906619683789,11.211640400396627,1.7573358649185489,2.849841634289118,0.0,0.0,3.3645832538604736
10.018368179237742,11.198541254004173,1.742446464648928,2.836522231812228,0.0,0.0,3.3645832538604736
9.997643655722424,11.185426383081635,1.7276202753546852,2.823233991462685,0.0,0.0,3.3645832538604736
9.97689271073102,11.172295815122734,1.7128572976103291,2.8099769133261767,0.0,0.0,3.3645832538604736
9.956115428812017,11.159149577636853,1.6981575319953142,2.796750997488795,0.0,0.0,3.3645832538604736
9.935311894624137,11.145987698149147,1.6835209790941055,2.7835562440370385,0.0,0.0,3.3645832538604736
9.914482192937168,11.132810204200641,1.6689476394962435,2.7703926530578156,0.0,0.0,3.3645832538604736
9.89362640863281,11.11961712334834,1.6544375137964114,2.7572602246384474,0.0,0.0,3.625
9.872744626705515,11.106408483165325,1.6399906025945017,2.744158958866671,0.0,0.0,3.3645832538604736
9.851836932263337,11.093184311240863,1.625606906495686,2.7310888558306416,0.0,0.0,3.3645832538604736
9.830903410528789,11.079944635180514,1.6112864261104842,2.7180499156189364,0.0,0.0,3.3645832538604736
9.8099441468397,11.066689482606225,1.5970291620548367,2.705042138320557,0.0,0.0,3.3645832538604736
9.788959226650077,11.053418881156452,1.5828351149501756,2.6920655240249327,0.0,0.0,3.3645832538604736
9.76794873553098,11.040132858486247,1.5687042854235,2.6791200728219238,0.0,0.0,3.3645832538604736
9.746912759171398,11.026831442267383,1.5546366741074504,2.6662057848018246,0.0,0.0,3.3645832538604736
9.725851383379121,11.013514660188445,1.5406322816403852,2.6533226600553665,0.0,0.0,3.3645832538604736
9.704764694081632,11.000182539954945,1.5266911086664592,2.6404706986737208,0.0,0.0,3.3645832538604736
9.683652777326996,10.986835109289428,1.512813155835702,2.6276499007485024,0.0,0.0,3.3604166507720947
9.662515719284755,10.97347239593158,1.4989984238040999,2.6148602663717733,0.0,0.0,3.356250047683716
9.641353606246833,10.960094427638332,1.4852469132336774,2.6021017956360453,0.0,0.0,3.3604166507720947
9.620451763464164,10.946701232183973,1.4715586247925814,2.5897053325164228,0.05915188416838646,0.0,3.3541667461395264
9.59982567594102,10.933293648426238,1.4579335591551665,2.5776885254988535,0.12160415202379227,0.0,3.3541667461395264
9.57947549978337,10.91987256346762,1.4443717170020822,2.566051228320748,0.18418405950069427,0.0,3.3541667461395264
9.559401415537717,10.906438869062516,1.430873099020361,2.5547933194578882,0.24689704179763794,0.0,3.3541667461395264
9.539603620953866,10.892993461544162,1.4174377059035093,2.5439146938342834,0.30974704027175903,0.0,3.3541667461395264
9.520082322521414,10.879537241726535,1.4040655383515985,2.5334152531194465,0.37273624539375305,0.0,3.5999999046325684
9.500837734961822,10.866071114777439,1.3907565970713602,2.5232949052640694,0.43586674332618713,0.0,3.3541667461395264
9.481870072889356,10.852595990085511,1.3775108827762803,2.5135535549574044,0.49913889169692993,0.0,3.3541667461395264
9.463179540188102,10.839112781098578,1.3643283961866972,2.504191091446406,0.5625508427619934,0.0,3.3541667461395264
9.444766333636075,10.825622405126623,1.351209138029901,2.495207392892551,0.6261014938354492,0.0,3.3541667461395264
9.426630637038153,10.812125783150464,1.3381531090402343,2.4866023197217375,0.6897885203361511,0.0,3.3541667461395264
9.408772616950953,10.798623839608842,1.325160309959196,2.4783757098295385,0.7536087036132812,0.0,3.3541667461395264
9.391192419853036,10.785117502168568,1.3122307415355456,2.4705273754705073,0.817558228969574,0.0,3.3541667461395264
9.373890173057243,10.77160770148202,1.2993644045254116,2.46305710449427,0.881633460521698,0.0,3.3541667461395264
9.356865976136882,10.758095370943048,1.2865612996923999,2.4559646505820614,0.9458289742469788,0.0,3.3541667461395264
9.34011990099077,10.744581446413836,1.2738214278077056,2.449249733513853,1.0101393461227417,0.0,3.3583333492279053
9.323651996794837,10.731066865948051,1.2611447896502275,2.4429120451068984,1.0745601654052734,0.0,3.3583333492279053
9.307462280574025,10.71755256952487,1.2485313860066833,2.4369512384749026,1.139085054397583,0.0,3.3583333492279053
9.291550739288871,10.704039498752078,1.2359812176717286,2.431366930653456,1.2037080526351929,0.0,3.5916666984558105
9.275917326457733,10.69052859657219,1.2234942854480775,2.426158698888649,1.2684224843978882,0.0,3.3583333492279053
9.260561962809653,10.67702080695587,1.2110705901466259,2.4213260816059807,1.3332217931747437,0.0,3.3583333492279053
9.245484538661037,10.663517074594786,1.1987101325865772,2.416868581380445,1.3980998992919922,0.0,3.3583333492279053
9.230684909390293,10.650018344599319,1.1864129135955714,2.4127856599010915,1.4630497694015503,0.0,3.3583333492279053
9.216162894370354,10.636525562181154,1.1741789340098154,2.4090767369515635,1.5280641317367554,0.0,3.3583333492279053
9.201918281077237,10.623039672331261,1.1620081946742173,2.4057411953963976,1.5931365489959717,0.0,3.3583333492279053
9.18795081826941,10.609561619508874,1.149900696442523,2.4027783734883985,1.6582591533660889,0.0,3.3583333492279053
9.17426021550351,10.596092347309613,1.137856440177455,2.4001875645315245,1.723423957824707,0.0,3.3583333492279053
9.16084615069921,10.582632798131776,1.1258754267508564,2.3979680258805196,1.7886245250701904,0.0,3.3583333492279053
9.147708261594854,10.56918391286499,1.113957657043835,2.396118969249535,1.85385262966156,0.0,3.3583333492279053
9.134846149865885,10.555746630553962,1.1021031319469123,2.394639565714553,1.9191008806228638,0.0,3.3583333492279053
9.122259381212125,10.542321888075172,1.0903118523601756,2.393528946036033,1.9843618869781494,0.0,3.3583333492279053
9.109947484295555,10.528910619814935,1.078583819193433,2.3927861996470563,2.0496280193328857,0.0,3.3604166507720947
9.097909950255257,10.515513757345818,1.0669190333663714,2.3924103743102734,2.114891529083252,0.0,3.3604166507720947
9.086146233373281,10.502132229103486,1.0553174958087195,2.392400477108317,2.180144786834717,0.0,3.362499952316284
9.074655746565979,10.488766960067744,1.043779207460412,2.3927554694296442,2.2453792095184326,0.0,3.362499952316284
9.063437870680302,10.47541887143284,1.0323041692717594,2.3934742779675777,2.3105881214141846,0.0,3.362499952316284
9.05249194307866,10.46208888030823,1.020892382203621,2.3945557816862,2.375762462615967,0.0,3.362499952316284
9.041817270388771,10.448777899388846,1.009543847227582,2.3959988268207275,2.4408957958221436,0.0,3.362499952316284
9.031413115936811,10.435486836666739,0.9982585653261331,2.397802212499812,2.505979061126709,0.0,3.362499952316284
9.021278709048332,10.422216595109477,0.9870365374928566,2.3999647017380465,2.57100510597229,0.0,3.362499952316284
9.011413241685418,10.408968072370364,0.9758777647326146,2.4024850177285106,2.6359660625457764,0.0,3.362499952316284
9.001815869689063,10.395742160493262,0.9647822480617428,2.4053618454750905,2.7008543014526367,0.0,3.362499952316284
8.992485708270932,10.382539745625962,0.9537499885082485,2.4085938267491156,2.7656612396240234,0.0,3.362499952316284
8.983421840160268,10.369361707725401,0.9427809871120124,2.4121795697230763,2.8303799629211426,0.0,3.362499952316284
8.974623309939407,10.356208920292342,0.931875244924996,2.4161176425731914,2.8950023651123047,0.0,3.362499952316284
8.966089127587495,10.343123279073215,0.9211237852824741,2.420406577761441,2.9595210552215576,0.011737236753106117,3.3333332538604736
8.957818628737453,10.330129545053103,0.9105792128230835,2.425044672275371,3.023892879486084,0.03032633475959301,3.3333332538604736
8.949811221315647,10.317230284467724,0.900244656982247,2.430029943055193,3.088066577911377,0.04942863807082176,3.3333332538604736
8.942066134330094,10.304427967501766,0.8901230248909645,2.4353601678698604,3.1519980430603027,0.06901977956295013,3.3333332538604736
8.93458243700175,10.291724974992782,0.8802170184553922,2.441032908744772,3.2156472206115723,0.08907749503850937,3.3333332538604736
8.927359051014504,10.279123603021468,0.8705291465597476,2.4470455273196055,3.2789766788482666,0.10958100110292435,3.3333332538604736
8.920394766216281,10.266626067148259,0.8610617363635694,2.4533952041579603,3.341952323913574,0.13051088154315948,3.3333332538604736
8.913688244814017,10.254234506456667,0.8518169440302099,2.460078944663033,3.404541015625,0.15184901654720306,3.3333332538604736
8.907238043973173,10.241950987382971,0.8427967649181923,2.46709360630404,3.466714382171631,0.17357851564884186,3.3333332538604736
8.901042610796953,10.229777505432999,0.8340030389046214,2.4744358937593973,3.5284430980682373,0.195683091878891,3.3333332538604736
8.895100303743057,10.21771598905728,0.8254374605191039,2.4821023847320927,3.5897023677825928,0.21814768016338348,3.3333332538604736
8.889409389871366,10.205768300784595,0.8171015828228773,2.4900895276858632,3.6504669189453125,0.24095763266086578,3.3333332538604736
8.88396805816893,10.193936239765899,0.8089968244315093,2.498393658245429,3.710714340209961,0.26409912109375,3.3333332538604736
8.878774425947396,10.182221544627716,0.8011244771196393,2.50701100754389,3.770423650741577,0.2875592112541199,3.3333332538604736
8.87382654292857,10.17062589328055,0.7934857066080575,2.5159377078716707,3.8295748233795166,0.31132498383522034,3.3333332538604736
8.86912239527931,10.159150905252712,0.786081558940376,2.5251697983008863,3.888148784637451,0.3353842496871948,3.3333332538604736
8.86465990963055,10.1477981421187,0.7789129625920533,2.5347032302853196,3.946127414703369,0.3597249984741211,3.3583333492279053
8.860436960502861,10.136569109410003,0.7719807338497442,2.5445338772367574,4.0034942626953125,0.38433581590652466,3.3583333492279053
8.856451375404394,10.125465257932579,0.7652855808178735,2.55465754140053,4.060234069824219,0.40920570492744446,3.3583333492279053
8.852700934148231,10.114487983026226,0.7588281028250495,2.5650699540367627,4.116331577301025,0.4343234896659851,3.3583333492279053
8.849183375017411,10.103638627793876,0.7526087986643052,2.5757667835927003,4.1717729568481445,0.4596789479255676,3.3583333492279053
8.845896394025438,10.092918481460282,0.7466280639651759,2.5867436358445457,4.226544380187988,0.4852614104747772,3.3583333492279053
8.84283765331177,10.082328781909498,0.7408861978739879,2.5979960646979894,4.280633926391602,0.5110609531402588,3.3583333492279053
8.840004775721825,10.071870714608504,0.7353834016479622,2.60951956695143,4.334028720855713,0.5370673537254333,3.3541667461395264
8.837395357737421,10.06154541507006,0.7301197851616609,2.6213095983997263,4.38671875,0.5632711052894592,3.3541667461395264
8.835006961686041,10.051353968339095,0.7250953667129336,2.633361565887366,4.438692569732666,0.5896625518798828,3.3458333015441895
8.832837121716283,10.041297409197524,0.7203100744909801,2.6456708353754186,4.489940166473389,0.6162320971488953,3.3458333015441895
8.830883349729248,10.031376724271409,0.7157637522367967,2.658232739981351,4.54045295715332,0.6429707407951355,3.3458333015441895
8.829143125199572,10.021592850203545,0.7114561561241807,2.671042569323228,4.5902204513549805,0.6698689460754395,3.3458333015441895
8.827613910249001,10.011946676393276,0.7073869618691915,2.684095588220133,4.639235496520996,0.6969179511070251,3.3458333015441895
8.826293144006808,10.00243904382607,0.7035557630469339,2.6973870313378145,4.687489986419678,0.7241086363792419,3.3458333015441895
8.825178239233688,9.993070746398043,0.6999620750011567,2.7109121005083665,4.734975337982178,0.7514322400093079,3.3458333015441895
8.824266597339852,9.983842531821633,0.696605337836063,2.724665983386686,4.781686305999756,0.77888023853302,3.3458333015441895
8.823555593471971,9.97475510049696,0.6934849147960795,2.7386438373856796,4.827614784240723,0.8064437508583069,3.3458333015441895
8.823042589181478,9.965809108101594,0.6906000990046631,2.752840805649186,4.872755527496338,0.8341146111488342,3.3458333015441895
8.822724926693317,9.957005164053086,0.6879501109384696,2.767252011645933,4.917102336883545,0.8618841767311096,3.3458333015441895
8.822599930043463,9.948343832881942,0.6855341024124275,2.7818725617731928,4.960649490356445,0.8897441625595093,3.3458333015441895
8.822664910819528,9.939825634363139,0.6833511577844016,2.796697553284244,5.003392696380615,0.9176862835884094,3.3458333015441895
8.822917162384254,9.931451044503511,0.6814002970175909,2.811722068858388,5.0453267097473145,0.9457024931907654,3.3458333015441895
8.823353967912439,9.923220495685085,0.6796804768872095,2.826941187182597,5.0864481925964355,0.9737847447395325,3.3458333015441895
8.823972594613101,9.915134376836336,0.678190592189923,2.8423499775031718,5.126752853393555,1.001924991607666,3.3458333015441895
8.824770292561055,9.907193035051694,0.6769294801886345,2.857943499521639,5.166236400604248,1.0301156044006348,3.3458333015441895
8.825744305052464,9.899396773460971,0.6758959167116361,2.8737168166234914,5.204896926879883,1.058348298072815,3.3458333015441895
8.826891858217461,9.89174585538531,0.6750886261472041,2.8896649850708327,5.242730617523193,1.0866159200668335,3.3458333015441895
8.828210169116307,9.884240501588819,0.6745062761150538,2.905783064554617,5.279735565185547,1.1149104833602905,3.3458333015441895
8.829696442290654,9.876880892143737,0.6741474823390984,2.92206611538573,5.315909385681152,1.1432244777679443,3.3458333015441895
8.831347868660588,9.86966716703792,0.6740108107064104,2.938509198358424,5.351249694824219,1.1715505123138428,3.3458333015441895
8.833161631345405,9.862599425532258,0.6740947765287258,2.9551073826140843,5.38575553894043,1.1998809576034546,3.3458333015441895
8.835134899983638,9.855677727621472,0.6743978484186333,2.9718557401510686,5.419425010681152,1.2282085418701172,3.34375
8.837264836602046,9.848902094647578,0.674918450274973,2.9887493536817855,5.4522576332092285,1.2565261125564575,3.3458333015441895
8.839548592306917,9.842272509514288,0.6756549623123453,3.0057833138034273,5.484252452850342,1.2848265171051025,3.3458333015441895
8.841983308607112,9.835788916894767,0.6766057220633852,3.0229527215092102,5.515408992767334,1.3131026029586792,3.3458333015441895
8.84456611876336,9.829451223028087,0.6777690244273162,3.0402526906940444,5.545727252960205,1.341347098350525,3.3458333015441895
8.84729414456057,9.8232592980216,0.6791431272405117,3.057678345320878,5.575206756591797,1.3695533275604248,3.3458333015441895
8.850164504646997,9.817212974393135,0.6807262484624806,3.075224829929072,5.603848934173584,1.3977141380310059,3.3458333015441895
8.853174306770379,9.811312049388492,0.6825165716732542,3.092887301450709,5.631653785705566,1.4258229732513428,3.3458333015441895
8.856320651592132,9.805556283942959,0.6845122441080217,3.1106609343814107,5.6586222648620605,1.4538729190826416,3.3458333015441895
8.859600631912606,9.799945403738347,0.6867113792966549,3.1285409206065435,5.684755325317383,1.4818572998046875,3.3458333015441895
8.8630113342467,9.794479099423711,0.6891120578043227,3.1465224718960636,5.710054397583008,1.5097694396972656,3.3458333015441895
8.866549840434043,9.789157027673465,0.6917123297830513,3.1646008223951627,5.734521389007568,1.5376029014587402,3.3458333015441895
8.87021322469798,9.783978810998082,0.6945102146988679,3.182771225776898,5.758157730102539,1.565351128578186,3.3458333015441895
8.873998559939634,9.778944039213936,0.6975037047243676,3.201028963070852,5.780966281890869,1.5930079221725464,3.3458333015441895
8.877902910281026,9.774052268009916,0.7006907616023992,3.219369334474161,5.802948474884033,1.6205666065216064,3.3458333015441895
8.881923335132576,9.769303020829556,0.7040693208916684,3.2377876645176094,5.824106693267822,1.6480209827423096,3.3458333015441895
8.886056891016835,9.76469578992691,0.7076372942997279,3.2562793045552083,5.8444437980651855,1.6753650903701782,3.3458333015441895
8.890300633438912,9.76023003492423,0.7113925664186418,3.2748396352503857,5.8639631271362305,1.7025924921035767,3.3458333015441895
8.894651616466488,9.755905185125135,0.7153329997680103,3.293464066391923,5.8826680183410645,1.729697346687317,3.3458333015441895
8.899106890078963,9.751720639321878,0.719456434223116,3.3121480340455913,5.900561332702637,1.7566736936569214,3.3458333015441895
8.903663502149922,9.747675765594364,0.7237606864131367,3.33088700304833,5.917646408081055,1.783515453338623,3.3458333015441895
8.908318500454788,9.74376990277935,0.7282435527879788,3.349676469499324,5.933927059173584,1.8102169036865234,3.3458333015441895
8.913068937026578,9.740002359857204,0.7329028080099425,3.3685119659151255,5.949408054351807,1.836772084236145,3.3458333015441895
8.917911856428548,9.736372417431554,0.7377362079466853,3.387389047707137,5.964091777801514,1.863175392150879,3.3458333015441895
8.92284431169162,9.732879327925254,0.7427414898402845,3.406303311694876,5.9779839515686035,1.8894212245941162,3.3458333015441895
8.927863350360449,9.72952231539666,0.7479163715210302,3.4252503799108327,5.991087436676025,1.9155038595199585,3.3458333015441895
8.932966030480936,9.726300577402277,0.7532585552199661,3.444225918113839,6.003408432006836,1.9414180517196655,3.3458333015441895
8.938149413616069,9.723213284810457,0.7587657267066733,3.4632256275953677,6.014951705932617,1.9671584367752075,3.3458333015441895
8.943410560194696,9.720259580761548,0.764435552557451,3.4822452396731483,6.025721073150635,1.992719292640686,3.3458333015441895
8.948746538672696,9.717438583782124,0.7702656866605362,3.5012805262011737,6.035722255706787,2.0180957317352295,3.3458333015441895
8.954154420946434,9.714749385914322,0.7762537655617168,3.5203272940580175,6.044960021972656,2.0432822704315186,3.3458333015441895
8.959631286964864,9.71219105416678,0.7823974112129576,3.5393813903176055,6.053440093994141,2.0682737827301025,3.3458333015441895
8.965174224773232,9.70976263197188,0.7886942336818025,3.5584387020777806,6.061168193817139,2.0930655002593994,3.3458333015441895
8.97078032829451,9.707463137720968,0.7951418273521319,3.5774951536250046,6.068149566650391,2.117652177810669,3.3458333015441895
8.976446702007701,9.705291566626387,0.8017377745259056,3.596546711608769,6.074390411376953,2.142029047012329,3.3458333015441895
8.982170456460278,9.703246890922353,0.8084796452864677,3.615589379539866,6.079895973205566,2.166191339492798,3.3458333015441895
8.987948715301219,9.70132805921788,0.8153649954974418,3.634619205637916,6.084672927856445,2.190134048461914,3.3458333015441895
8.99377861310597,9.699533999197794,0.8223913721946392,3.653632279997221,6.0887274742126465,2.213852882385254,3.3458333015441895
8.999657293253037,9.69786361531106,0.8295563078366642,3.672624731761273,6.092065334320068,2.2373428344726562,3.3458333015441895
9.005581917278327,9.696315793954282,0.8368573312189372,3.691592739640812,6.094694137573242,2.2606003284454346,3.3458333015441895
9.01154965589601,9.694889397833066,0.8442919542724135,3.7105325210768028,6.096619606018066,2.2836201190948486,3.3458333015441895
9.017557696060651,9.693583270306508,0.8518576811206167,3.7294403400974945,6.097848892211914,2.3063981533050537,3.3458333015441895
9.023603236584634,9.692396234739109,0.8595520059775879,3.7483125018269003,6.098388195037842,2.328930139541626,3.3458333015441895
9.02968349295665,9.691327094672975,0.8673724128993588,3.7671453576751803,6.098244667053223,2.3512117862701416,3.3458333015441895
9.035795695258956,9.690374635674623,0.8753163792273179,3.7859353025199463,6.0974249839782715,2.373239278793335,3.3458333015441895
9.041937095313274,9.689537625504203,0.8833813753064335,3.804678782563917,6.095937252044678,2.3950088024139404,3.3458333015441895
9.048104955421868,9.68881481263099,0.8915648605020319,3.8233722818430844,6.09378719329834,2.416516065597534,3.3458333015441895
9.054296562403557,9.688204928887922,0.8998642884804814,3.8420123381018505,6.0909833908081055,2.4377574920654297,3.3458333015441895
9.060509220944603,9.687706688818677,0.908277105058645,3.8605955346353844,6.087532997131348,2.4587292671203613,3.3458333015441895
9.06674025385023,9.687318791506783,0.9168007516100619,3.8791185001520025,6.0834431648254395,2.4794280529022217,3.3458333015441895
9.0729870046174,9.687039919065969,0.9254326610530647,3.8975779113052,6.078721523284912,2.499850034713745,3.5770833492279053
9.079246835381824,9.686868738468775,0.9341702612568495,3.915970489888924,6.073375225067139,2.519991874694824,3.3458333015441895
9.08551713638668,9.68680390169798,0.9430109747287465,3.9342930133758287,6.067413330078125,2.5398502349853516,3.3458333015441895
9.091795314737588,9.686844047583314,0.9519522220010807,3.9525423014337093,6.060842514038086,2.559422254562378,3.5729167461395264
9.0980788038921,9.686987798606038,0.9609914139053353,3.970715226474207,6.053671360015869,2.5787041187286377,3.3458333015441895
9.104365056990277,9.68723376606051,0.9701259623813137,3.9888087055136343,6.045907020568848,2.59769344329834,3.3458333015441895
9.110651556354243,9.687580547689972,0.9793532745850417,4.006819710721213,6.037558555603027,2.616387128829956,3.3458333015441895
9.116935806838375,9.688026727844262,0.9886707525796098,4.02474526127949,6.0286335945129395,2.634782075881958,3.3458333015441895
9.123215338385418,9.688570879285832,0.9980757967279243,4.042582425931035,6.019140243530273,2.6528756618499756,3.3458333015441895
9.129487703995649,9.689211564162964,1.00756580722007,4.060328320188111,6.0090861320495605,2.6706655025482178,3.3458333015441895
9.135750484603202,9.68994733164049,1.017138178199784,4.077980111550858,5.998479843139648,2.6881484985351562,3.3458333015441895
9.142001293906812,9.690776723042505,1.0267903085679662,4.0955350247171864,5.987330913543701,2.7053229808807373,3.3458333015441895
9.148237764853183,9.691698266995598,1.0365195905424798,4.112990325448416,5.975646018981934,2.7221858501434326,3.3458333015441895
9.154457563669956,9.692710483712336,1.0463234186244141,4.130343336472445,5.96343469619751,2.7387351989746094,3.3458333015441895
9.16065837862503,9.693811884297942,1.0561991874252856,4.147591424020607,5.950704097747803,2.7549688816070557,3.3458333015441895
9.166837936382414,9.695000972529986,1.0661442950580582,4.164732016396656,5.937464714050293,2.7708852291107178,3.3458333015441895
9.172993988449399,9.696276242502897,1.0761561372700597,4.181762587840358,5.923724174499512,2.7864818572998047,3.3458333015441895
9.179124311407923,9.697636181242826,1.0862321127068695,4.198680658426215,5.90949010848999,2.8017570972442627,3.3458333015441895
9.18522671636658,9.699079267983633,1.0963696207570668,4.215483804632015,5.894772052764893,2.816709041595459,3.3458333015441895
9.19129904688106,9.700603976796152,1.1065660668100172,4.232169656553561,5.879579067230225,2.831336498260498,3.3458333015441895
9.197339174601778,9.702208774206474,1.1168188563975219,4.248735892459439,5.863919258117676,2.845637559890747,3.3458333015441895
9.203345006389222,9.703892122639067,1.127125402315409,4.265180246692868,5.84780216217041,2.8596112728118896,3.3458333015441895
9.209314477652129,9.705652478868565,1.1374831206194214,4.2815005015578524,5.831235885620117,2.873256206512451,3.3458333015441895
9.215245554868106,9.707488294123236,1.147889430346542,4.297694489890414,5.8142290115356445,2.886570930480957,3.3458333015441895
9.221136238092305,9.709398015025172,1.158341755092723,4.313760097626308,5.796790599822998,2.8995542526245117,3.3458333015441895
9.226984558865121,9.711380086199549,1.1688375282862344,4.329695261031228,5.778929233551025,2.912205696105957,3.3458333015441895
9.232788582743952,9.713432947873322,1.1793741873461605,4.34549796927167,5.760653972625732,2.9245240688323975,3.3458333015441895
9.238546407194733,9.715555037647562,1.1899491771225377,4.361166261648221,5.741973400115967,2.9365086555480957,3.3458333015441895
9.244256166397374,9.71774479059409,1.2005599496269392,4.376698232836408,5.722897052764893,2.9481587409973145,3.3458333015441895
9.249916024537866,9.72000063936058,1.2112039637708265,4.392092024783836,5.703433036804199,2.9594736099243164,3.3458333015441895
9.255524182901581,9.722321016759187,1.2218786906583448,4.40734583462592,5.683590888977051,2.9704532623291016,3.3458333015441895
9.261078877776852,9.724704354198499,1.2325816096137572,4.4224579119197935,5.663379669189453,2.9810972213745117,3.3458333015441895
9.266578371437653,9.727149080944441,1.243310206084636,4.437426547883585,5.642806529998779,2.9914047718048096,3.3458333015441895
9.27202096841951,9.72965362752789,1.254061978806497,4.452250093994056,5.62188196182251,3.001376152038574,3.581249952316284
9.27740500880182,9.73221642584809,1.2648344395416546,4.4669269538802885,5.60061502456665,3.0110116004943848,3.3458333015441895
9.282728859195512,9.734835905925891,1.275625105430215,4.481455572566654,5.579012870788574,3.020310401916504,3.3458333015441895
9.287990928996182,9.737510500974194,1.2864315098749126,4.49583445507395,5.557085990905762,3.029273271560669,3.5875000953674316
9.293189661362653,9.740238644994934,1.2972511967371632,4.510062155649622,5.5348429679870605,3.03790020942688,3.3458333015441895
9.298323533374692,9.743018775358514,1.3080817256619284,4.524137277687089,5.512292385101318,3.046191930770874,3.3458333015441895
9.303391053911513,9.745849330378382,1.3189206662886777,4.538058470979077,5.489442348480225,3.0541484355926514,3.3458333015441895
9.308390772996677,9.748728751883222,1.329765603590566,4.551824442311917,5.466302871704102,3.061770439147949,3.3458333015441895
9.313321275050733,9.751655485304429,1.340614137646388,4.5654339473719405,5.442882537841797,3.069058656692505,3.3458333015441895
9.318181176748114,9.754627979747584,1.3514638834196453,4.578885788001732,5.419189453125,3.0760138034820557,3.3458333015441895
9.322969131769375,9.757644688057999,1.3623124705445393,4.592178817463194,5.395232677459717,3.082636594772339,3.3458333015441895
9.327683830939355,9.760704069395436,1.3731575486655148,4.605311940357583,5.371021270751953,3.088928461074829,3.3458333015441895
9.332324000085917,9.763804585137274,1.383996777965292,4.618284109879401,5.346563816070557,3.0948896408081055,3.3458333015441895
9.336888400151022,9.766944704782162,1.3948278419312947,4.631094327743008,5.321868896484375,3.100522041320801,3.3458333015441895
9.341375825058167,9.770122901010936,1.405648436030129,4.643741641443001,5.296944618225098,3.1058261394500732,3.3458333015441895
9.345785111021167,9.773337653915773,1.4164562767799942,4.656225154855238,5.271800994873047,3.1108036041259766,3.3458333015441895
9.35011512288022,9.7765874510757,1.427249101540419,4.66854401214892,5.246445178985596,3.1154561042785645,3.3458333015441895
9.35436476345052,9.779870784268295,1.4380246609127556,4.68069740839879,5.22088623046875,3.119784355163574,3.3458333015441895
9.358532969016625,9.78318615453865,1.4487807296709823,4.692684584176336,5.195132255554199,3.1237905025482178,3.3458333015441895
9.362618714079234,9.786532070584158,1.4595151028545752,4.704504830819404,5.169192314147949,3.127476215362549,3.3458333015441895
9.366621006872318,9.789907047150493,1.4702255918849325,4.716157485024633,5.1430745124816895,3.130842685699463,3.3458333015441895
9.370538889464505,9.793309609253212,1.4809100336472512,4.727641928784188,5.116786956787109,3.133892297744751,3.3458333015441895
9.374371444795997,9.796738290559588,1.4915662865923998,4.738957597324046,5.090339183807373,3.136626958847046,3.3458333015441895
9.378117785284683,9.800191631786472,1.5021922268618133,4.750103965692168,5.0637383460998535,3.1390480995178223,3.3499999046325684
9.381777057526547,9.803668184075988,1.5127857555283954,4.761080554040453,5.03699254989624,3.141158103942871,3.3541667461395264
9.38534844701644,9.807166508209137,1.5233447965638804,4.771886932897407,5.010110855102539,3.1429591178894043,3.3541667461395264
9.388831173648915,9.810685175496445,1.533867298517977,4.782522717763551,4.9831013679504395,3.144453525543213,3.3541667461395264
9.392224487230678,9.814222766157126,1.5443512306474632,4.7929875637169195,4.9559712409973145,3.1456432342529297,3.3541667461395264
9.395527676775776,9.817777871857416,1.5547945883118306,4.803281176030591,4.92872953414917,3.146530866622925,3.3541667461395264
9.398740061409203,9.821349094097512,1.5651953891039072,4.8134032994352225,4.901383399963379,3.14711856842041,3.3541667461395264
9.401860992762538,9.824935045914646,1.5755516763978443,4.823353720736213,4.873940467834473,3.147408962249756,3.3541667461395264
9.404889861976097,9.828534351921725,1.5858615191871994,4.833132276760341,4.846409797668457,3.147404670715332,3.3541667461395264
9.407826090588014,9.832145648360004,1.59612301192773,4.842738843619232,4.818798542022705,3.147108316421509,3.3541667461395264
9.410669132932437,9.835767582298832,1.6063342725358094,4.852173339327344,4.791114330291748,3.146522283554077,3.3541667461395264
9.413418476221452,9.839398814174661,1.616493447795188,4.861435723748351,4.763364791870117,3.1456496715545654,3.3541667461395264
9.416073645246088,9.843038017826407,1.626598713196546,4.870526003875762,4.73555850982666,3.144493579864502,3.3541667461395264
9.418634190968733,9.846683877206422,1.6366482653857577,4.8794442204351185,4.707701683044434,3.1430561542510986,3.3541667461395264
9.421099702093494,9.850335090572365,1.6466403312893505,4.888190461180351,4.679802894592285,3.141340732574463,3.3541667461395264
9.423469793658631,9.853990368863577,1.6565731642604802,4.896764847496301,4.6518683433532715,3.139350175857544,3.3541667461395264
9.425744114024612,9.8576484365558,1.6664450457920439,4.905167542361311,4.623905658721924,3.13708758354187,3.3541667461395264
9.427922347255011,9.861308031695623,1.6762542853765572,4.913398752961576,4.595922946929932,3.1345560550689697,3.3541667461395264
9.43000420629183,9.864967905939528,1.6859992203698022,4.921458722632828,4.56792688369751,3.131758689880371,3.3541667461395264
9.431989435337227,9.868626825411967,1.6956782177070522,4.929347733484423,4.539924621582031,3.1286988258361816,3.3541667461395264
9.433877814534787,9.872283571567085,1.7052896756148415,4.937066111685729,4.5119242668151855,3.125380039215088,3.3541667461395264
9.435669143952287,9.875936937058263,1.7148320142247104,4.944614208739998,4.483930587768555,3.121804714202881,3.3541667461395264
9.437363266640007,9.879585732414155,1.7243036902663325,4.951992428130628,4.455953121185303,3.1179771423339844,3.3541667461395264
9.438960045719897,9.88322878108583,1.733703185815002,4.9592011985798266,4.427996635437012,3.1139001846313477,3.3541667461395264
9.440459375956259,9.886864921953567,1.7430290137306272,4.966240987359825,4.400068283081055,3.1095774173736572,3.3541667461395264
9.441861186128598,9.890493008520574,1.752279715680176,4.973112302912309,4.372175693511963,3.1050121784210205,3.6312499046325684
9.443165427592954,9.894111908945886,1.7614538620200104,4.979815681461074,4.344324111938477,3.100207805633545,3.3541667461395264
9.444372085855067,9.89772050938735,1.7705500590768284,4.98635170031835,4.316521167755127,3.0951685905456543,3.3541667461395264
9.445481173755855,9.901317709029911,1.7795669379107901,4.992720969831375,4.288773059844971,3.089897394180298,3.3541667461395264
9.446492731517603,9.904902424273692,1.7885031634668342,4.998924133344099,4.2610859870910645,3.0843982696533203,3.3541667461395264
9.447406824527226,9.90847358624956,1.7973574288979752,5.004961864491794,4.233465671539307,3.078674554824829,3.3541667461395264
9.44822354799564,9.912030141666925,1.8061284573104321,5.010834872501284,4.205918788909912,3.0727298259735107,3.3541667461395264
9.448943024715856,9.915571054503458,1.814815005352334,5.01654389948062,4.1784515380859375,3.06656813621521,3.3541667461395264
9.449565407436923,9.919095305187852,1.8234158612426075,5.022089723047379,4.151070594787598,3.0601933002471924,3.3541667461395264
9.45009086972641,9.922601888955032,1.8319298409611806,5.027473145617086,4.123780727386475,3.0536086559295654,3.3541667461395264
9.450519615226888,9.92608981918533,1.840355795550491,5.032695005046386,4.096588611602783,3.046818494796753,3.3541667461395264
9.450851868529092,9.929558124091091,1.8486926035969051,5.0377561639211645,4.0694990158081055,3.0398261547088623,3.3541667461395264
9.451087886723158,9.933005849222786,1.8569391766876526,5.04265752286639,4.0425190925598145,3.0326356887817383,3.3541667461395264
9.45122794565661,9.936432056661967,1.8650944574510089,5.047400004495211,4.015653133392334,3.0252509117126465,3.3541667461395264
9.45127235150084,9.939835825854127,1.873157421304083,5.051984566723142,3.988907814025879,3.0176758766174316,3.3541667461395264
9.451221430458018,9.943216252797345,1.8811270744970776,5.056412190722012,3.962287664413452,3.0099143981933594,3.3541667461395264
9.45107553227349,9.9465724500445,1.8890024540160242,5.06068388489688,3.935797929763794,3.0019702911376953,3.3541667461395264
9.45083503373996,9.949903546712754,1.896782627487295,5.064800688855696,3.909444570541382,2.993847370147705,3.3541667461395264
9.450500332996016,9.95320868933372,1.9044666949327613,5.068763666703701,3.883232355117798,2.9855496883392334,3.3541667461395264
9.450071849589373,9.95648704102425,1.9120537868211929,5.0725739070168405,3.857166051864624,2.977081060409546,3.3541667461395264
9.449550029129513,9.95973778399221,1.919543069524588,5.076232528148963,3.831251382827759,2.9684460163116455,3.3541667461395264
9.44893533530621,9.962960113714537,1.926933732264164,5.079740668860881,3.805492401123047,2.9596474170684814,3.3541667461395264
9.448228255664732,9.966153246441209,1.934225003693431,5.083099494967623,3.7798943519592285,2.950690269470215,3.3541667461395264
9.44742929823917,9.969316413367064,1.9414161388320639,5.086310195305709,3.7544617652893066,2.941577911376953,3.3541667461395264
9.446538992736638,9.972448863971804,1.9485064263920553,5.089373983041203,3.7291994094848633,2.93231463432312,3.3541667461395264
9.445557888298891,9.975549864357923,1.955495184981552,5.0922920929746756,3.7041115760803223,2.9229042530059814,3.3541667461395264
9.44448655585049,9.978618698086594,1.9623817648717448,5.09506578418458,3.6792030334472656,2.913350820541382,3.3541667461395264
9.443325586999828,9.981654666184049,1.9691655479085506,5.097696338665197,3.6544783115386963,2.903658390045166,3.3541667461395264
9.442075588342163,9.984657086312495,1.9758459455765411,5.1001850546326235,3.6299407482147217,2.8938307762145996,3.3541667461395264
9.440737189560762,9.987625293597548,1.9824224007692564,5.10253325584421,3.605595350265503,2.8838720321655273,3.3541667461395264
9.439311038872987,9.99055864063785,1.9888943877041911,5.10474228623284,3.5814461708068848,2.873786211013794,3.3541667461395264
9.437797799633312,9.993456495838803,1.9952614081409323,5.106813505883771,3.5574965476989746,2.863576889038086,3.5791666507720947
9.436198154974624,9.996318245908803,2.0015229968596526,5.108748296352721,3.5337507724761963,2.853248357772827,3.3541667461395264
9.434512806713803,9.999143295861755,2.0076787215715264,5.110548059306814,3.5102128982543945,2.8428049087524414,3.3541667461395264
9.432742469659509,10.001931065683854,2.0137281754343714,5.112214209833561,3.4868857860565186,2.832249879837036,3.3541667461395264
9.430887878546697,10.004680991993743,2.019670980692088,5.113748184429752,3.463773727416992,2.821587085723877,3.3541667461395264
9.428949785774957,10.007392531381734,2.0255067959978965,5.1151514383080325,3.440880537033081,2.810821294784546,3.3541667461395264
9.426928953430986,10.010065153739456,2.031235301521821,5.116425436040345,3.418208360671997,2.799955368041992,3.3541667461395264
9.42482616481105,10.012698348083175,2.036856211851451,5.117571664886937,3.395761728286743,2.7889938354492188,3.3541667461395264
9.422642217577948,10.01529162089267,2.042369272201608,5.118591626765724,3.3735437393188477,2.7779407501220703,3.3541667461395264
9.420377921513861,10.017844493605084,2.047774252790396,5.119486835569348,3.3515570163726807,2.7667994499206543,3.3541667461395264
9.418034102003311,10.020356505108124,2.0530709543312216,5.1202588211541205,3.3298048973083496,2.7555739879608154,3.3604166507720947
9.415611598932356,10.022827211737175,2.058259207956579,5.120909127987659,3.308290481567383,2.7442684173583984,3.3604166507720947
9.413111263289823,10.02525618393673,2.063338867746616,5.121439311131555,3.2870161533355713,2.7328858375549316,3.3604166507720947
9.410533959493726,10.027643012086962,2.068309823625381,5.121850938898242,3.2659847736358643,2.721431016921997,3.3604166507720947
9.40788056546437,10.02998729982668,2.0731719864726523,5.122145592835907,3.245199203491211,2.709906816482544,3.3604166507720947
9.405151972638906,10.032288668219405,2.0779252973302498,5.122324867713106,3.2246623039245605,2.698317289352417,3.3604166507720947
9.402349083722413,10.034546755747462,2.0825697273276838,5.122390368836078,3.204376459121704,2.686666488647461,3.3604166507720947
9.399472811592329,10.036761215801466,2.087105272061347,5.122343710703934,3.1843438148498535,2.674957752227783,3.3604166507720947
9.396524081632007,10.038931718338048,2.091531955240269,5.122186519666376,3.164566993713379,2.6631948947906494,3.3604166507720947
9.39350382717606,10.0410579490402,2.0958498267707952,5.121920428575461,3.145047664642334,2.651381492614746,3.3604166507720947
9.39041299760316,10.043139609303097,2.1000589626975743,5.121547086114921,3.125789165496826,2.6395211219787598,3.3604166507720947
9.38725254686913,10.045176417069952,2.104159466993586,5.121068143443339,3.106792449951172,2.627617597579956,3.3604166507720947
9.384023439313358,10.047168104310169,2.1081514659473553,5.120485260862874,3.088059663772583,2.6156740188598633,3.3604166507720947
9.38072665083418,10.049114420346536,2.1120351155142942,5.119800109142047,3.0695931911468506,2.603694438934326,3.3604166507720947
9.377363163192545,10.051015129346943,2.115810595696829,5.119014362834895,3.05139422416687,2.591682195663452,3.3604166507720947
9.373933968651693,10.052870010308146,2.1194781104928895,5.118129705613024,3.0334649085998535,2.5796406269073486,3.3604166507720947
9.370440065410813,10.054678857049147,2.1230378878443354,5.117147824920031,3.0158064365386963,2.567573070526123,3.3604166507720947
9.366882461094894,10.05644147986242,2.12649018328317,5.116070415969513,2.9984207153320312,2.555483341217041,3.3604166507720947
9.363262170503997,10.058157703003216,2.1298352743187356,5.11489917906828,2.981309175491333,2.543374538421631,3.3604166507720947
9.359580212195558,10.05982736551133,2.1330734622419927,5.113635815610466,2.964472532272339,2.53125,3.3604166507720947
