time_sec,h1_kan,h2_kan,h3_kan,h4_kan,u1_kan,u2_kan
0.000000,12.375518,12.681218,1.784931,1.390664,0.000000,0.000000
0.100000,12.351011,12.662426,1.769925,1.381360,0.000000,0.000000
0.200000,12.326481,12.643623,1.754982,1.372087,0.000000,0.000000
0.300000,12.301926,12.624810,1.740103,1.362845,0.000000,0.000000
0.400000,12.277348,12.605987,1.725287,1.353634,0.000000,0.000000
0.500000,12.252746,12.587153,1.710534,1.344455,0.000000,0.000000
0.600000,12.228120,12.568309,1.695844,1.335306,0.000000,0.000000
0.700000,12.203470,12.549455,1.681217,1.326189,0.000000,0.000000
0.800000,12.178797,12.530591,1.666654,1.317103,0.000000,0.000000
0.900000,12.154100,12.511717,1.652154,1.308048,0.000000,0.000000
1.000000,12.129380,12.492832,1.637717,1.299024,0.000000,0.000000
1.100000,12.104637,12.473937,1.623343,1.290032,0.000000,0.000000
1.200000,12.079870,12.455033,1.609033,1.281070,0.000000,0.000000
1.300000,12.055079,12.436118,1.594785,1.272140,0.000000,0.000000
1.400000,12.030266,12.417193,1.580601,1.263241,0.000000,0.000000
1.500000,12.005430,12.398258,1.566481,1.254373,0.000000,0.000000
1.600000,11.980571,12.379314,1.552423,1.245536,0.000000,0.000000
1.700000,11.955688,12.360359,1.538428,1.236731,0.000000,0.000000
1.800000,11.930783,12.341394,1.524497,1.227957,0.000000,0.000000
1.900000,11.905856,12.322420,1.510629,1.219214,0.000000,0.000000
2.000000,11.880905,12.303435,1.496825,1.210502,0.000000,0.000000
2.100000,11.855932,12.284441,1.483083,1.201821,0.000000,0.000000
2.200000,11.830937,12.265437,1.469405,1.193171,0.000000,0.000000
2.300000,11.805919,12.246423,1.455790,1.184553,0.000000,0.000000
2.400000,11.780878,12.227399,1.442238,1.175966,0.000000,0.000000
2.500000,11.755816,12.208366,1.428749,1.167410,0.000000,0.000000
2.600000,11.730731,12.189323,1.415324,1.158885,0.000000,0.000000
2.700000,11.705624,12.170270,1.401961,1.150391,0.000000,0.000000
2.800000,11.680495,12.151208,1.388663,1.141929,0.000000,0.000000
2.900000,11.655344,12.132136,1.375427,1.133498,0.000000,0.000000
3.000000,11.630171,12.113055,1.362254,1.125097,0.000000,0.000000
3.100000,11.604976,12.093963,1.349145,1.116729,0.000000,0.000000
3.200000,11.579760,12.074863,1.336099,1.108391,0.000000,0.000000
3.300000,11.554522,12.055753,1.323116,1.100084,0.000000,0.000000
3.400000,11.529263,12.036633,1.310197,1.091809,0.000000,0.000000
3.500000,11.503982,12.017504,1.297340,1.083565,0.000000,0.000000
3.600000,11.478679,11.998365,1.284547,1.075352,0.000000,0.000000
3.700000,11.453356,11.979217,1.271817,1.067170,0.000000,0.000000
3.800000,11.428011,11.960060,1.259150,1.059019,0.000000,0.000000
3.900000,11.402645,11.940893,1.246547,1.050900,0.000000,0.000000
4.000000,11.377257,11.921718,1.234007,1.042812,0.000000,0.000000
4.100000,11.351849,11.902532,1.221530,1.034754,0.000000,0.000000
4.200000,11.326420,11.883338,1.209116,1.026729,0.000000,0.000000
4.300000,11.300970,11.864134,1.196766,1.018734,0.000000,0.000000
4.400000,11.275500,11.844921,1.184478,1.010770,0.000000,0.000000
4.500000,11.250008,11.825699,1.172254,1.002838,0.000000,0.000000
4.600000,11.224496,11.806468,1.160094,0.994937,0.000000,0.000000
4.700000,11.199278,11.787228,1.147996,0.987431,0.065157,0.000000
4.800000,11.174439,11.767980,1.135962,0.980419,0.148019,0.000000
4.900000,11.149979,11.748726,1.123991,0.973900,0.231192,0.000000
5.000000,11.125899,11.729468,1.112083,0.967873,0.314661,0.000000
5.100000,11.102200,11.710209,1.100239,0.962340,0.398413,0.000000
5.200000,11.078884,11.690949,1.088457,0.957298,0.482431,0.000000
5.300000,11.055949,11.671691,1.076739,0.952748,0.566701,0.000000
5.400000,11.033398,11.652437,1.065084,0.948689,0.651208,0.000000
5.500000,11.011230,11.633189,1.053493,0.945120,0.735936,0.000000
5.600000,10.989446,11.613949,1.041965,0.942041,0.820869,0.000000
5.700000,10.968046,11.594719,1.030499,0.939451,0.905993,0.000000
5.800000,10.947031,11.575500,1.019098,0.937348,0.991292,0.000000
5.900000,10.926400,11.556295,1.007759,0.935731,1.076750,0.000000
6.000000,10.906153,11.537106,0.996484,0.934600,1.162352,0.000000
6.100000,10.886291,11.517934,0.985272,0.933953,1.248081,0.000000
6.200000,10.866813,11.498782,0.974123,0.933789,1.333923,0.000000
6.300000,10.847720,11.479651,0.963037,0.934106,1.419862,0.000000
6.400000,10.829011,11.460545,0.952015,0.934903,1.505882,0.000000
6.500000,10.810686,11.441463,0.941056,0.936179,1.591967,0.000000
6.600000,10.792744,11.422409,0.930160,0.937930,1.678102,0.000000
6.700000,10.775185,11.403385,0.919328,0.940157,1.764272,0.000000
6.800000,10.758008,11.384392,0.908559,0.942857,1.850460,0.000000
6.900000,10.741213,11.365431,0.897853,0.946027,1.936651,0.000000
7.000000,10.724800,11.346506,0.887210,0.949667,2.022831,0.000000
7.100000,10.708766,11.327618,0.876630,0.953774,2.108983,0.000000
7.200000,10.693112,11.308769,0.866114,0.958346,2.195093,0.000000
7.300000,10.677837,11.289960,0.855661,0.963381,2.281146,0.000000
7.400000,10.662939,11.271193,0.845272,0.968877,2.367126,0.000000
7.500000,10.648417,11.252471,0.834945,0.974830,2.453019,0.000000
7.600000,10.634271,11.233794,0.824682,0.981240,2.538811,0.000000
7.700000,10.620500,11.215165,0.814482,0.988104,2.624486,0.000000
7.800000,10.607101,11.196586,0.804346,0.995418,2.710031,0.000000
7.900000,10.594074,11.178057,0.794273,1.003182,2.795432,0.000000
8.000000,10.581417,11.159580,0.784263,1.011391,2.880674,0.000000
8.100000,10.569129,11.141158,0.774316,1.020044,2.965743,0.000000
8.200000,10.557208,11.122791,0.764432,1.029138,3.050626,0.000000
8.300000,10.545653,11.104574,0.754817,1.038670,3.135310,0.026403
8.400000,10.534460,11.086516,0.745487,1.048635,3.219240,0.055204
8.500000,10.523628,11.068619,0.736443,1.059026,3.302356,0.084357
8.600000,10.513151,11.050887,0.727687,1.069837,3.384640,0.113849
8.700000,10.503029,11.033322,0.719220,1.081062,3.466076,0.143666
8.800000,10.493256,11.015925,0.711043,1.092696,3.546648,0.173797
8.900000,10.483830,10.998700,0.703156,1.104731,3.626339,0.204228
9.000000,10.474748,10.981647,0.695559,1.117161,3.705136,0.234947
9.100000,10.466006,10.964770,0.688254,1.129981,3.783024,0.265942
9.200000,10.457601,10.948070,0.681241,1.143183,3.859989,0.297202
9.300000,10.449530,10.931549,0.674520,1.156762,3.936019,0.328713
9.400000,10.441789,10.915208,0.668091,1.170711,4.011100,0.360465
9.500000,10.434375,10.899050,0.661953,1.185023,4.085222,0.392446
9.600000,10.427284,10.883076,0.656108,1.199692,4.158373,0.424645
9.700000,10.420513,10.867287,0.650555,1.214712,4.230543,0.457050
9.800000,10.414059,10.851685,0.645293,1.230076,4.301721,0.489650
9.900000,10.407917,10.836271,0.640322,1.245778,4.371899,0.522434
10.000000,10.402085,10.821046,0.635641,1.261812,4.441067,0.555392
10.100000,10.396559,10.806012,0.631250,1.278169,4.509218,0.588513
10.200000,10.391335,10.791169,0.627148,1.294845,4.576343,0.621787
10.300000,10.386410,10.776519,0.623335,1.311833,4.642436,0.655203
10.400000,10.381780,10.762062,0.619808,1.329126,4.707489,0.688751
10.500000,10.377442,10.747800,0.616568,1.346717,4.771497,0.722421
10.600000,10.373391,10.733734,0.613613,1.364601,4.834455,0.756203
10.700000,10.369625,10.719863,0.610942,1.382770,4.896356,0.790088
10.800000,10.366140,10.706189,0.608553,1.401218,4.957197,0.824065
10.900000,10.362932,10.692712,0.606446,1.419939,5.016973,0.858126
11.000000,10.359998,10.679433,0.604619,1.438926,5.075681,0.892261
11.100000,10.357333,10.666352,0.603070,1.458173,5.133317,0.926461
11.200000,10.354935,10.653470,0.601798,1.477673,5.189879,0.960717
11.300000,10.352799,10.640786,0.600801,1.497420,5.245363,0.995019
11.400000,10.350922,10.628302,0.600078,1.517408,5.299769,1.029360
11.500000,10.349300,10.616018,0.599627,1.537629,5.353095,1.063730
11.600000,10.347930,10.603933,0.599445,1.558078,5.405339,1.098120
11.700000,10.346807,10.592047,0.599532,1.578749,5.456501,1.132522
11.800000,10.345928,10.580362,0.599885,1.599634,5.506580,1.166929
11.900000,10.345290,10.568876,0.600502,1.620728,5.555577,1.201330
12.000000,10.344889,10.557590,0.601381,1.642025,5.603491,1.235719
12.100000,10.344720,10.546504,0.602520,1.663517,5.650323,1.270087
12.200000,10.344781,10.535617,0.603918,1.685200,5.696075,1.304426
12.300000,10.345067,10.524929,0.605571,1.707066,5.740747,1.338728
12.400000,10.345574,10.514441,0.607478,1.729110,5.784341,1.372986
12.500000,10.346300,10.504151,0.609637,1.751326,5.826860,1.407191
12.600000,10.347239,10.494059,0.612045,1.773707,5.868305,1.441337
12.700000,10.348389,10.484165,0.614699,1.796247,5.908679,1.475414
12.800000,10.349746,10.474469,0.617599,1.818940,5.947985,1.509417
12.900000,10.351305,10.464970,0.620741,1.841781,5.986226,1.543338
13.000000,10.353064,10.455667,0.624122,1.864763,6.023405,1.577169
13.100000,10.355017,10.446560,0.627742,1.887880,6.059526,1.610902
13.200000,10.357162,10.437648,0.631596,1.911127,6.094592,1.644532
13.300000,10.359495,10.428931,0.635683,1.934498,6.128609,1.678051
13.400000,10.362011,10.420408,0.640000,1.957987,6.161579,1.711451
13.500000,10.364707,10.412078,0.644545,1.981587,6.193508,1.744726
13.600000,10.367579,10.403940,0.649315,2.005295,6.224401,1.777870
13.700000,10.370624,10.395994,0.654308,2.029103,6.254262,1.810874
13.800000,10.373837,10.388238,0.659521,2.053006,6.283097,1.843733
13.900000,10.377214,10.380673,0.664951,2.076999,6.310911,1.876441
14.000000,10.380753,10.373296,0.670596,2.101075,6.337710,1.908989
14.100000,10.384448,10.366107,0.676454,2.125231,6.363500,1.941373
14.200000,10.388297,10.359105,0.682521,2.149459,6.388286,1.973585
14.300000,10.392295,10.352289,0.688796,2.173755,6.412075,2.005619
14.400000,10.396438,10.345658,0.695275,2.198113,6.434873,2.037469
14.500000,10.400724,10.339211,0.701955,2.222529,6.456687,2.069129
14.600000,10.405147,10.332947,0.708835,2.246996,6.477523,2.100593
14.700000,10.409704,10.326864,0.715911,2.271510,6.497388,2.131855
14.800000,10.414391,10.320961,0.723181,2.296065,6.516290,2.162908
14.900000,10.419205,10.315238,0.730642,2.320656,6.534235,2.193747
15.000000,10.424142,10.309692,0.738292,2.345279,6.551230,2.224367
15.100000,10.429198,10.304323,0.746126,2.369927,6.567284,2.254761
15.200000,10.434369,10.299130,0.754144,2.394597,6.582404,2.284924
15.300000,10.439651,10.294110,0.762342,2.419284,6.596597,2.314850
15.400000,10.445041,10.289263,0.770717,2.443981,6.609871,2.344534
15.500000,10.450535,10.284588,0.779267,2.468686,6.622235,2.373971
15.600000,10.456129,10.280082,0.787988,2.493392,6.633697,2.403155
15.700000,10.461820,10.275745,0.796879,2.518096,6.644264,2.432082
15.800000,10.467604,10.271576,0.805935,2.542792,6.653945,2.460745
15.900000,10.473477,10.267571,0.815155,2.567476,6.662748,2.489141
16.000000,10.479435,10.263731,0.824536,2.592144,6.670683,2.517265
16.100000,10.485476,10.260054,0.834074,2.616790,6.677757,2.545111
16.200000,10.491594,10.256538,0.843768,2.641411,6.683980,2.572674
16.300000,10.497788,10.253181,0.853613,2.666003,6.689361,2.599951
16.400000,10.504053,10.249982,0.863608,2.690560,6.693907,2.626937
16.500000,10.510385,10.246940,0.873749,2.715079,6.697629,2.653628
16.600000,10.516782,10.244053,0.884034,2.739555,6.700536,2.680018
16.700000,10.523239,10.241318,0.894459,2.763985,6.702636,2.706105
16.800000,10.529753,10.238736,0.905022,2.788363,6.703939,2.731884
16.900000,10.536322,10.236303,0.915720,2.812687,6.704455,2.757351
17.000000,10.542940,10.234019,0.926551,2.836952,6.704193,2.782502
17.100000,10.549606,10.231881,0.937510,2.861155,6.703161,2.807333
17.200000,10.556315,10.229888,0.948596,2.885291,6.701371,2.831841
17.300000,10.563064,10.228038,0.959805,2.909356,6.698832,2.856023
17.400000,10.569850,10.226330,0.971134,2.933347,6.695552,2.879874
17.500000,10.576670,10.224761,0.982582,2.957261,6.691543,2.903392
17.600000,10.583521,10.223330,0.994144,2.981093,6.686814,2.926574
17.700000,10.590399,10.222036,1.005818,3.004840,6.681374,2.949416
17.800000,10.597300,10.220876,1.017600,3.028499,6.675234,2.971915
17.900000,10.604223,10.219848,1.029489,3.052065,6.668403,2.994069
18.000000,10.611164,10.218951,1.041481,3.075537,6.660892,3.015875
18.100000,10.618119,10.218183,1.053573,3.098909,6.652711,3.037330
18.200000,10.625086,10.217543,1.065763,3.122180,6.643869,3.058432
18.300000,10.632062,10.217028,1.078046,3.145346,6.634377,3.079178
18.400000,10.639044,10.216636,1.090422,3.168403,6.624245,3.099567
18.500000,10.646028,10.216366,1.102885,3.191349,6.613483,3.119595
18.600000,10.653012,10.216216,1.115435,3.214180,6.602101,3.139262
18.700000,10.659994,10.216184,1.128067,3.236894,6.590110,3.158564
18.800000,10.666969,10.216268,1.140779,3.259488,6.577519,3.177501
18.900000,10.673936,10.216466,1.153568,3.281959,6.564339,3.196070
19.000000,10.680892,10.216777,1.166432,3.304303,6.550580,3.214271
19.100000,10.687834,10.217198,1.179366,3.326519,6.536252,3.232101
19.200000,10.694759,10.217728,1.192369,3.348604,6.521367,3.249559
19.300000,10.701665,10.218364,1.205437,3.370554,6.505933,3.266645
19.400000,10.708549,10.219106,1.218568,3.392368,6.489961,3.283357
19.500000,10.715409,10.219950,1.231758,3.414043,6.473461,3.299693
19.600000,10.722242,10.220896,1.245006,3.435576,6.456444,3.315654
19.700000,10.729045,10.221940,1.258307,3.456966,6.438921,3.331239
19.800000,10.735817,10.223082,1.271659,3.478209,6.420900,3.346446
19.900000,10.742554,10.224320,1.285060,3.499304,6.402393,3.361275
20.000000,10.749255,10.225651,1.298507,3.520248,6.383409,3.375727
20.100000,10.755917,10.227074,1.311996,3.541039,6.363959,3.389800
20.200000,10.762539,10.228586,1.325524,3.561675,6.344053,3.403495
20.300000,10.769116,10.230187,1.339090,3.582154,6.323702,3.416811
20.400000,10.775648,10.231873,1.352691,3.602474,6.302914,3.429748
20.500000,10.782133,10.233643,1.366323,3.622633,6.281702,3.442307
20.600000,10.788568,10.235496,1.379983,3.642629,6.260073,3.454488
20.700000,10.794951,10.237429,1.393670,3.662461,6.238040,3.466291
20.800000,10.801280,10.239441,1.407380,3.682126,6.215611,3.477717
20.900000,10.807554,10.241529,1.421111,3.701623,6.192797,3.488767
21.000000,10.813770,10.243692,1.434860,3.720951,6.169607,3.499440
21.100000,10.819926,10.245928,1.448624,3.740107,6.146052,3.509738
21.200000,10.826021,10.248235,1.462400,3.759090,6.122142,3.519661
21.300000,10.832052,10.250611,1.476187,3.777899,6.097886,3.529211
21.400000,10.838019,10.253054,1.489980,3.796532,6.073294,3.538389
21.500000,10.843918,10.255563,1.503779,3.814988,6.048376,3.547196
21.600000,10.849750,10.258136,1.517579,3.833265,6.023141,3.555632
21.700000,10.855511,10.260771,1.531379,3.851363,5.997600,3.563701
21.800000,10.861201,10.263466,1.545176,3.869280,5.971762,3.571402
21.900000,10.866817,10.266219,1.558968,3.887015,5.945637,3.578738
22.000000,10.872359,10.269028,1.572751,3.904566,5.919233,3.585710
22.100000,10.877825,10.271893,1.586524,3.921934,5.892561,3.592320
22.200000,10.883213,10.274810,1.600283,3.939116,5.865630,3.598570
22.300000,10.888522,10.277778,1.614027,3.956112,5.838449,3.604461
22.400000,10.893750,10.280796,1.627754,3.972920,5.811028,3.609996
22.500000,10.898897,10.283862,1.641459,3.989541,5.783375,3.615177
22.600000,10.903961,10.286973,1.655142,4.005973,5.755501,3.620005
22.700000,10.908940,10.290129,1.668800,4.022216,5.727413,3.624484
22.800000,10.913835,10.293328,1.682431,4.038268,5.699122,3.628615
22.900000,10.918642,10.296567,1.696031,4.054129,5.670636,3.632401
23.000000,10.923362,10.299845,1.709600,4.069799,5.641964,3.635844
23.100000,10.927994,10.303161,1.723134,4.085277,5.613114,3.638947
23.200000,10.932535,10.306513,1.736632,4.100562,5.584097,3.641712
23.300000,10.936986,10.309899,1.750091,4.115655,5.554919,3.644142
23.400000,10.941345,10.313317,1.763509,4.130553,5.525591,3.646240
23.500000,10.945611,10.316766,1.776883,4.145259,5.496120,3.648009
23.600000,10.949784,10.320245,1.790213,4.159770,5.466515,3.649451
23.700000,10.953863,10.323751,1.803495,4.174086,5.436785,3.650569
23.800000,10.957846,10.327284,1.816728,4.188208,5.406937,3.651367
23.900000,10.961733,10.330841,1.829909,4.202136,5.376980,3.651848
24.000000,10.965524,10.334421,1.843036,4.215868,5.346922,3.652014
24.100000,10.969217,10.338023,1.856109,4.229405,5.316772,3.651868
24.200000,10.972812,10.341645,1.869123,4.242747,5.286537,3.651415
24.300000,10.976308,10.345285,1.882078,4.255894,5.256225,3.650657
24.400000,10.979705,10.348942,1.894972,4.268846,5.225845,3.649597
24.500000,10.983002,10.352615,1.907803,4.281603,5.195403,3.648239
24.600000,10.986199,10.356301,1.920568,4.294165,5.164908,3.646587
24.700000,10.989295,10.360001,1.933267,4.306533,5.134367,3.644643
24.800000,10.992289,10.363711,1.945897,4.318705,5.103787,3.642412
24.900000,10.995182,10.367432,1.958456,4.330684,5.073177,3.639897
25.000000,10.997973,10.371160,1.970944,4.342468,5.042543,3.637101
25.100000,11.000661,10.374896,1.983357,4.354059,5.011893,3.634028
25.200000,11.003246,10.378637,1.995695,4.365456,4.981234,3.630682
25.300000,11.005728,10.382383,2.007956,4.376660,4.950573,3.627066
25.400000,11.008107,10.386132,2.020138,4.387672,4.919917,3.623184
25.500000,11.010383,10.389882,2.032240,4.398491,4.889273,3.619041
25.600000,11.012554,10.393633,2.044260,4.409119,4.858648,3.614639
25.700000,11.014622,10.397383,2.056196,4.419555,4.828049,3.609982
25.800000,11.016585,10.401130,2.068048,4.429802,4.797481,3.605075
25.900000,11.018444,10.404875,2.079813,4.439858,4.766953,3.599921
26.000000,11.020200,10.408614,2.091491,4.449724,4.736469,3.594525
26.100000,11.021850,10.412348,2.103079,4.459403,4.706037,3.588889
26.200000,11.023397,10.416075,2.114577,4.468893,4.675663,3.583019
26.300000,11.024839,10.419794,2.125983,4.478196,4.645354,3.576917
26.400000,11.026177,10.423503,2.137296,4.487312,4.615114,3.570589
26.500000,11.027410,10.427202,2.148515,4.496243,4.584951,3.564037
26.600000,11.028540,10.430890,2.159638,4.504988,4.554870,3.557267
26.700000,11.029565,10.434564,2.170665,4.513550,4.524876,3.550281
26.800000,11.030487,10.438225,2.181593,4.521929,4.494977,3.543084
26.900000,11.031305,10.441872,2.192423,4.530125,4.465177,3.535681
27.000000,11.032020,10.445502,2.203152,4.538141,4.435482,3.528075
27.100000,11.032631,10.449116,2.213781,4.545975,4.405897,3.520269
27.200000,11.033139,10.452711,2.224307,4.553631,4.376429,3.512270
27.300000,11.033545,10.456288,2.234729,4.561108,4.347081,3.504079
27.400000,11.033848,10.459845,2.245048,4.568408,4.317859,3.495702
27.500000,11.034050,10.463381,2.255262,4.575532,4.288769,3.487142
27.600000,11.034149,10.466896,2.265369,4.582481,4.259815,3.478404
27.700000,11.034147,10.470387,2.275370,4.589255,4.231003,3.469492
27.800000,11.034045,10.473856,2.285263,4.595857,4.202337,3.460409
27.900000,11.033841,10.477300,2.295048,4.602287,4.173821,3.451160
28.000000,11.033538,10.480718,2.304723,4.608547,4.145461,3.441749
28.100000,11.033135,10.484111,2.314288,4.614638,4.117261,3.432180
28.200000,11.032633,10.487476,2.323743,4.620560,4.089226,3.422456
28.300000,11.032032,10.490814,2.333086,4.626316,4.061359,3.412583
28.400000,11.031333,10.494123,2.342317,4.631907,4.033665,3.402564
28.500000,11.030536,10.497403,2.351435,4.637333,4.006149,3.392403
28.600000,11.029642,10.500653,2.360440,4.642596,3.978814,3.382104
28.700000,11.028652,10.503872,2.369331,4.647698,3.951664,3.371672
28.800000,11.027566,10.507060,2.378107,4.652640,3.924704,3.361109
28.900000,11.026385,10.510216,2.386769,4.657423,3.897937,3.350421
29.000000,11.025109,10.513338,2.395316,4.662049,3.871366,3.339610
29.100000,11.023739,10.516427,2.403746,4.666518,3.844996,3.328682
29.200000,11.022276,10.519482,2.412061,4.670834,3.818830,3.317639
29.300000,11.020721,10.522502,2.420259,4.674996,3.792871,3.306487
29.400000,11.019073,10.525487,2.428340,4.679006,3.767123,3.295228
29.500000,11.017334,10.528435,2.436303,4.682867,3.741589,3.283866
29.600000,11.015505,10.531347,2.444150,4.686579,3.716273,3.272407
29.700000,11.013586,10.534222,2.451878,4.690143,3.691176,3.260852
29.800000,11.011578,10.537059,2.459488,4.693562,3.666303,3.249207
29.900000,11.009482,10.539858,2.466980,4.696837,3.641657,3.237475
30.000000,11.007298,10.542618,2.474354,4.699970,3.617239,3.225659
30.100000,11.005028,10.545339,2.481609,4.702961,3.593053,3.213763
30.200000,11.002672,10.548020,2.488745,4.705813,3.569102,3.201792
30.300000,11.000231,10.550661,2.495763,4.708527,3.545388,3.189749
30.400000,10.997706,10.553261,2.502661,4.711105,3.521914,3.177637
30.500000,10.995098,10.555821,2.509441,4.713549,3.498681,3.165460
30.600000,10.992408,10.558339,2.516101,4.715859,3.475693,3.153222
30.700000,10.989636,10.560815,2.522643,4.718038,3.452951,3.140926
30.800000,10.986783,10.563248,2.529066,4.720087,3.430458,3.128576
30.900000,10.983850,10.565640,2.535370,4.722008,3.408216,3.116175
31.000000,10.980839,10.567988,2.541555,4.723803,3.386227,3.103727
31.100000,10.977750,10.570293,2.547622,4.725472,3.364492,3.091235
31.200000,10.974584,10.572555,2.553570,4.727019,3.343013,3.078703
31.300000,10.971342,10.574772,2.559399,4.728444,3.321793,3.066134
31.400000,10.968024,10.576946,2.565110,4.729749,3.300833,3.053532
31.500000,10.964633,10.579075,2.570704,4.730937,3.280135,3.040899
31.600000,10.961168,10.581159,2.576179,4.732007,3.259699,3.028239
31.700000,10.957632,10.583198,2.581537,4.732963,3.239528,3.015556
31.800000,10.954024,10.585193,2.586778,4.733806,3.219622,3.002851
31.900000,10.950345,10.587142,2.591902,4.734538,3.199984,2.990130
32.000000,10.946598,10.589045,2.596909,4.735159,3.180614,2.977394
32.100000,10.942782,10.590903,2.601800,4.735673,3.161513,2.964648
32.200000,10.938898,10.592714,2.606575,4.736081,3.142683,2.951893
32.300000,10.934949,10.594480,2.611234,4.736384,3.124124,2.939133
32.400000,10.930934,10.596199,2.615778,4.736584,3.105837,2.926371
32.500000,10.926855,10.597873,2.620208,4.736683,3.087823,2.913611
32.600000,10.922713,10.599499,2.624523,4.736683,3.070083,2.900854
32.700000,10.918508,10.601079,2.628724,4.736585,3.052618,2.888104
32.800000,10.914243,10.602613,2.632812,4.736391,3.035428,2.875363
32.900000,10.909917,10.604100,2.636787,4.736103,3.018513,2.862635
33.000000,10.905532,10.605540,2.640650,4.735722,3.001875,2.849922
33.100000,10.901089,10.606933,2.644401,4.735251,2.985513,2.837227
33.200000,10.896589,10.608279,2.648041,4.734690,2.969427,2.824553
33.300000,10.892033,10.609579,2.651570,4.734042,2.953619,2.811902
33.400000,10.887422,10.610832,2.654988,4.733308,2.938088,2.799277
33.500000,10.882757,10.612037,2.658298,4.732491,2.922835,2.786680
33.600000,10.878039,10.613196,2.661498,4.731591,2.907859,2.774114
33.700000,10.873269,10.614308,2.664591,4.730610,2.893160,2.761582
33.800000,10.868449,10.615373,2.667576,4.729550,2.878739,2.749085
33.900000,10.863578,10.616392,2.670454,4.728414,2.864595,2.736627
34.000000,10.858659,10.617364,2.673225,4.727202,2.850728,2.724210
34.100000,10.853693,10.618289,2.675892,4.725916,2.837138,2.711835
34.200000,10.848680,10.619167,2.678453,4.724558,2.823824,2.699506
34.300000,10.843621,10.620000,2.680911,4.723129,2.810786,2.687225
34.400000,10.838518,10.620785,2.683265,4.721632,2.798024,2.674993
34.500000,10.833372,10.621525,2.685516,4.720067,2.785537,2.662813
34.600000,10.828183,10.622218,2.687666,4.718437,2.773324,2.650687
34.700000,10.822952,10.622866,2.689715,4.716744,2.761386,2.638617
34.800000,10.817682,10.623467,2.691664,4.714988,2.749720,2.626606
34.900000,10.812372,10.624023,2.693513,4.713171,2.738328,2.614654
35.000000,10.807024,10.624533,2.695264,4.711296,2.727206,2.602765
35.100000,10.801639,10.624998,2.696918,4.709363,2.716356,2.590940
35.200000,10.796217,10.625418,2.698474,4.707375,2.705776,2.579180
35.300000,10.790761,10.625793,2.699934,4.705333,2.695465,2.567489
35.400000,10.785270,10.626123,2.701299,4.703238,2.685421,2.555867
35.500000,10.779746,10.626408,2.702570,4.701092,2.675645,2.544316
35.600000,10.774190,10.626649,2.703748,4.698897,2.666135,2.532839
35.700000,10.768603,10.626846,2.704833,4.696654,2.656889,2.521436
35.800000,10.762986,10.626999,2.705827,4.694366,2.647907,2.510109
35.900000,10.757340,10.627109,2.706730,4.692032,2.639187,2.498861
36.000000,10.751666,10.627175,2.707543,4.689656,2.630728,2.487692
36.100000,10.745965,10.627197,2.708268,4.687238,2.622529,2.476604
36.200000,10.740238,10.627177,2.708904,4.684779,2.614588,2.465598
36.300000,10.734486,10.627114,2.709454,4.682283,2.606903,2.454677
36.400000,10.728709,10.627009,2.709918,4.679749,2.599475,2.443840
36.500000,10.722910,10.626862,2.710297,4.677180,2.592300,2.433091
36.600000,10.717089,10.626673,2.710592,4.674577,2.585377,2.422429
36.700000,10.711246,10.626442,2.710804,4.671942,2.578705,2.411857
36.800000,10.705383,10.626171,2.710934,4.669275,2.572281,2.401375
36.900000,10.699501,10.625858,2.710983,4.666578,2.566106,2.390986
37.000000,10.693600,10.625505,2.710952,4.663854,2.560175,2.380689
37.100000,10.687682,10.625112,2.710842,4.661102,2.554489,2.370486
37.200000,10.681748,10.624679,2.710654,4.658325,2.549045,2.360378
37.300000,10.675798,10.624206,2.710389,4.655524,2.543841,2.350366
37.400000,10.669833,10.623694,2.710048,4.652700,2.538875,2.340452
37.500000,10.663855,10.623143,2.709632,4.649856,2.534146,2.330636
37.600000,10.657864,10.622554,2.709142,4.646991,2.529651,2.320919
37.700000,10.651860,10.621927,2.708579,4.644107,2.525389,2.311302
37.800000,10.645846,10.621261,2.707945,4.641206,2.521357,2.301786
37.900000,10.639822,10.620559,2.707239,4.638290,2.517554,2.292372
38.000000,10.633789,10.619819,2.706464,4.635358,2.513978,2.283060
38.100000,10.627747,10.619043,2.705620,4.632414,2.510625,2.273851
38.200000,10.621697,10.618230,2.704708,4.629457,2.507495,2.264747
38.300000,10.615641,10.617382,2.703729,4.626489,2.504585,2.255747
38.400000,10.609579,10.616498,2.702685,4.623512,2.501893,2.246853
38.500000,10.603512,10.615579,2.701577,4.620526,2.499417,2.238065
38.600000,10.597440,10.614625,2.700404,4.617533,2.497154,2.229383
38.700000,10.591365,10.613637,2.699170,4.614534,2.495103,2.220808
38.800000,10.585288,10.612615,2.697873,4.611531,2.493260,2.212341
38.900000,10.579209,10.611559,2.696517,4.608523,2.491624,2.203983
39.000000,10.573128,10.610470,2.695101,4.605514,2.490193,2.195733
39.100000,10.567048,10.609349,2.693627,4.602503,2.488963,2.187592
39.200000,10.560968,10.608196,2.692095,4.599491,2.487933,2.179560
39.300000,10.554889,10.607010,2.690507,4.596481,2.487100,2.171638
39.400000,10.548812,10.605793,2.688865,4.593472,2.486462,2.163827
39.500000,10.542738,10.604546,2.687168,4.590467,2.486017,2.156125
39.600000,10.536667,10.603267,2.685418,4.587465,2.485762,2.148535
39.700000,10.530600,10.601959,2.683616,4.584469,2.485694,2.141055
39.800000,10.524539,10.600621,2.681763,4.581479,2.485811,2.133687
39.900000,10.518483,10.599253,2.679860,4.578496,2.486111,2.126429
40.000000,10.512433,10.597857,2.677908,4.575522,2.486590,2.119284
40.100000,10.506390,10.596432,2.675909,4.572556,2.487248,2.112249
40.200000,10.500355,10.594980,2.673862,4.569601,2.488080,2.105327
40.300000,10.494328,10.593500,2.671770,4.566657,2.489085,2.098516
40.400000,10.488310,10.591993,2.669633,4.563724,2.490260,2.091817
40.500000,10.482302,10.590459,2.667452,4.560805,2.491603,2.085230
40.600000,10.476303,10.588899,2.665229,4.557899,2.493110,2.078754
40.700000,10.470316,10.587313,2.662964,4.555009,2.494779,2.072390
40.800000,10.464340,10.585702,2.660658,4.552133,2.496608,2.066138
40.900000,10.458376,10.584067,2.658312,4.549275,2.498595,2.059997
41.000000,10.452425,10.582407,2.655928,4.546433,2.500735,2.053968
41.100000,10.446486,10.580723,2.653506,4.543609,2.503028,2.048050
41.200000,10.440562,10.579015,2.651048,4.540805,2.505470,2.042243
41.300000,10.434652,10.577284,2.648554,4.538020,2.508058,2.036547
41.400000,10.428756,10.575531,2.646025,4.535255,2.510791,2.030961
41.500000,10.422876,10.573756,2.643462,4.532512,2.513665,2.025486
41.600000,10.417012,10.571959,2.640866,4.529791,2.516678,2.020120
41.700000,10.411165,10.570141,2.638239,4.527092,2.519827,2.014865
41.800000,10.405334,10.568302,2.635581,4.524417,2.523109,2.009719
41.900000,10.399521,10.566443,2.632893,4.521765,2.526522,2.004682
42.000000,10.393725,10.564563,2.630176,4.519139,2.530064,1.999754
42.100000,10.387948,10.562665,2.627431,4.516538,2.533731,1.994934
42.200000,10.382190,10.560747,2.624660,4.513962,2.537522,1.990222
42.300000,10.376451,10.558811,2.621862,4.511414,2.541432,1.985618
42.400000,10.370732,10.556857,2.619038,4.508893,2.545461,1.981121
42.500000,10.365033,10.554885,2.616191,4.506399,2.549604,1.976730
42.600000,10.359355,10.552896,2.613320,4.503934,2.553860,1.972445
42.700000,10.353697,10.550890,2.610427,4.501498,2.558227,1.968266
42.800000,10.348061,10.548867,2.607512,4.499092,2.562700,1.964192
42.900000,10.342447,10.546829,2.604577,4.496716,2.567278,1.960223
43.000000,10.336855,10.544776,2.601622,4.494370,2.571958,1.956358
43.100000,10.331285,10.542707,2.598648,4.492055,2.576738,1.952595
43.200000,10.325739,10.540624,2.595656,4.489772,2.581615,1.948936
43.300000,10.320215,10.538526,2.592647,4.487521,2.586586,1.945379
43.400000,10.314715,10.536415,2.589621,4.485303,2.591649,1.941923
43.500000,10.309239,10.534291,2.586580,4.483117,2.596802,1.938568
43.600000,10.303788,10.532154,2.583525,4.480965,2.602041,1.935313
43.700000,10.298360,10.530004,2.580455,4.478847,2.607364,1.932158
43.800000,10.292958,10.527842,2.577373,4.476763,2.612769,1.929101
43.900000,10.287581,10.525669,2.574278,4.474713,2.618254,1.926143
44.000000,10.282229,10.523484,2.571172,4.472698,2.623815,1.923282
44.100000,10.276903,10.521289,2.568056,4.470719,2.629450,1.920517
44.200000,10.271603,10.519084,2.564930,4.468775,2.635157,1.917848
44.300000,10.266328,10.516868,2.561794,4.466867,2.640933,1.915275
44.400000,10.261081,10.514643,2.558651,4.464995,2.646776,1.912795
44.500000,10.255860,10.512409,2.555500,4.463160,2.652684,1.910409
44.600000,10.250666,10.510166,2.552342,4.461362,2.658653,1.908116
44.700000,10.245499,10.507914,2.549179,4.459601,2.664682,1.905914
44.800000,10.240359,10.505655,2.546010,4.457877,2.670768,1.903804
44.900000,10.235247,10.503389,2.542836,4.456191,2.676909,1.901783
45.000000,10.230162,10.501115,2.539659,4.454542,2.683103,1.899852
45.100000,10.225105,10.498834,2.536479,4.452932,2.689347,1.898009
45.200000,10.220077,10.496547,2.533296,4.451359,2.695638,1.896254
45.300000,10.215076,10.494254,2.530112,4.449825,2.701975,1.894585
45.400000,10.210104,10.491955,2.526926,4.448330,2.708356,1.893003
45.500000,10.205160,10.489652,2.523741,4.446873,2.714777,1.891505
45.600000,10.200245,10.487343,2.520555,4.445456,2.721237,1.890090
45.700000,10.195358,10.485030,2.517370,4.444077,2.727734,1.888759
45.800000,10.190500,10.482712,2.514187,4.442737,2.734265,1.887510
45.900000,10.185672,10.480391,2.511007,4.441437,2.740828,1.886342
46.000000,10.180872,10.478067,2.507829,4.440175,2.747421,1.885254
46.100000,10.176101,10.475739,2.504654,4.438954,2.754041,1.884246
46.200000,10.171360,10.473409,2.501484,4.437771,2.760688,1.883315
46.300000,10.166648,10.471076,2.498318,4.436628,2.767358,1.882462
46.400000,10.161965,10.468742,2.495157,4.435525,2.774049,1.881685
46.500000,10.157311,10.466406,2.492002,4.434462,2.780760,1.880983
46.600000,10.152687,10.464068,2.488854,4.433438,2.787488,1.880356
46.700000,10.148092,10.461729,2.485712,4.432453,2.794232,1.879802
46.800000,10.143527,10.459390,2.482578,4.431508,2.800989,1.879320
46.900000,10.138992,10.457050,2.479452,4.430603,2.807758,1.878910
47.000000,10.134486,10.454711,2.476335,4.429738,2.814535,1.878570
47.100000,10.130009,10.452371,2.473226,4.428912,2.821321,1.878299
47.200000,10.125562,10.450032,2.470127,4.428125,2.828112,1.878096
47.300000,10.121145,10.447694,2.467038,4.427378,2.834907,1.877961
47.400000,10.116757,10.445358,2.463959,4.426671,2.841703,1.877892
47.500000,10.112398,10.443023,2.460892,4.426003,2.848500,1.877888
47.600000,10.108069,10.440689,2.457836,4.425374,2.855295,1.877948
47.700000,10.103770,10.438358,2.454791,4.424784,2.862086,1.878071
47.800000,10.099500,10.436029,2.451760,4.424233,2.868873,1.878257
47.900000,10.095259,10.433703,2.448741,4.423722,2.875652,1.878503
48.000000,10.091048,10.431380,2.445735,4.423249,2.882422,1.878809
48.100000,10.086866,10.429060,2.442742,4.422815,2.889182,1.879175
48.200000,10.082713,10.426743,2.439764,4.422419,2.895930,1.879598
48.300000,10.078589,10.424430,2.436800,4.422062,2.902664,1.880078
48.400000,10.074494,10.422122,2.433851,4.421743,2.909382,1.880614
48.500000,10.070428,10.419817,2.430918,4.421462,2.916084,1.881205
48.600000,10.066391,10.417517,2.427999,4.421219,2.922768,1.881850
48.700000,10.062383,10.415222,2.425097,4.421013,2.929431,1.882547
48.800000,10.058403,10.412932,2.422211,4.420846,2.936073,1.883296
48.900000,10.054452,10.410647,2.419342,4.420715,2.942692,1.884096
49.000000,10.050530,10.408368,2.416489,4.420622,2.949286,1.884945
49.100000,10.046636,10.406094,2.413654,4.420566,2.955855,1.885843
49.200000,10.042770,10.403827,2.410836,4.420546,2.962396,1.886788
49.300000,10.038932,10.401566,2.408037,4.420563,2.968908,1.887780
49.400000,10.035121,10.399311,2.405255,4.420616,2.975391,1.888817
49.500000,10.031339,10.397062,2.402492,4.420705,2.981842,1.889899
49.600000,10.027585,10.394821,2.399747,4.420829,2.988260,1.891024
49.700000,10.023857,10.392587,2.397022,4.420990,2.994645,1.892191
49.800000,10.020158,10.390359,2.394316,4.421185,3.000994,1.893400
49.900000,10.016485,10.388140,2.391629,4.421415,3.007308,1.894649
